event_id_memoria,source_event_id,source,origin_time_utc,latitude,longitude,depth_km,magnitude_value,magnitude_type,magnitude_original_value,magnitude_original_type,magnitude_comparable,magnitude_homogenization_method,magnitude_conversion_equation,magnitude_conversion_uncertainty,magnitude_homogenization_status,intensity_max,location_text,felt,location_uncertainty_km,magnitude_uncertainty,tectonic_domain,domain_confidence,historical_quality,quality_score,record_status,source_url,source_file,duplicate_group_id,is_preferred_record,cluster_id,cluster_role,is_background_event,declustering_method,declustering_eligible,declustering_exclusion_reason,ingested_at_utc
MEM-08E563E96BAD54FC,MEM-08E563E96BAD54FC,IPMA,2026-09-12 21:11:34+00:00,36.505,-7.737,19.0,,ML,,ML,,,,,,,Golfo de Cádiz,,,,,,high,0.92,preliminary,https://api.ipma.pt/open-data/observation/seismic/7.json,/home/runner/work/memoria-seismic-observatory/memoria-seismic-observatory/data/bronze/ipma/2026/10/09/area_7_20261009T103445Z.json,,True,,,False,,,,2026-10-09 10:34:45.293661+00:00
MEM-D73CF657C5637425,MEM-D73CF657C5637425,IPMA,2026-09-12 22:30:47+00:00,37.045,-8.907,31.0,,ML,,ML,,,,,,,SE Vila do Bispo,,,,,,high,0.92,preliminary,https://api.ipma.pt/open-data/observation/seismic/7.json,/home/runner/work/memoria-seismic-observatory/memoria-seismic-observatory/data/bronze/ipma/2026/10/09/area_7_20261009T103445Z.json,,True,,,False,,,,2026-10-09 10:34:45.293661+00:00
MEM-C29E2E5B701F8D3D,MEM-C29E2E5B701F8D3D,IPMA,2026-09-24 03:14:14+00:00,37.316,-8.603,18.0,,L,,L,,,,,,,W  Monchique,,,,,,high,0.92,preliminary,https://api.ipma.pt/open-data/observation/seismic/7.json,/home/runner/work/memoria-seismic-observatory/memoria-seismic-observatory/data/bronze/ipma/2026/10/09/area_7_20261009T103445Z.json,,True,,,False,,,,2026-10-09 10:34:45.293661+00:00
MEM-0384112F9F7C2BB6,MEM-0384112F9F7C2BB6,IPMA,2026-09-24 05:19:30+00:00,39.048,-7.899,2.0,,L,,L,,,,,,,SW Avis,,,,,,high,0.92,preliminary,https://api.ipma.pt/open-data/observation/seismic/7.json,/home/runner/work/memoria-seismic-observatory/memoria-seismic-observatory/data/bronze/ipma/2026/10/09/area_7_20261009T103445Z.json,,True,,,False,,,,2026-10-09 10:34:45.293661+00:00
MEM-718FF4CC041AF995,MEM-718FF4CC041AF995,IPMA,2026-09-29 23:08:31+00:00,37.316,-8.613,13.0,,L,,L,,,,,,,W  Monchique,,,,,,high,0.92,preliminary,https://api.ipma.pt/open-data/observation/seismic/7.json,/home/runner/work/memoria-seismic-observatory/memoria-seismic-observatory/data/bronze/ipma/2026/10/09/area_7_20261009T103445Z.json,,True,,,False,,,,2026-10-09 10:34:45.293661+00:00
MEM-2BF54F687EDC6A6E,MEM-2BF54F687EDC6A6E,IPMA,2026-09-30 02:18:59+00:00,38.782,-7.935,9.0,,L,,L,,,,,,,NE Arraiolos,,,,,,high,0.92,preliminary,https://api.ipma.pt/open-data/observation/seismic/7.json,/home/runner/work/memoria-seismic-observatory/memoria-seismic-observatory/data/bronze/ipma/2026/10/09/area_7_20261009T103445Z.json,,True,,,False,,,,2026-10-09 10:34:45.293661+00:00
MEM-9EBF48826CD27FC9,MEM-9EBF48826CD27FC9,IPMA,2026-10-03 01:15:15+00:00,37.331,-8.697,9.0,,L,,L,,,,,,,E  Aljezur,,,,,,high,0.92,preliminary,https://api.ipma.pt/open-data/observation/seismic/7.json,/home/runner/work/memoria-seismic-observatory/memoria-seismic-observatory/data/bronze/ipma/2026/10/09/area_7_20261009T103445Z.json,,True,,,False,,,,2026-10-09 10:34:45.293661+00:00
MEM-CCE1C3047C0A0E78,MEM-CCE1C3047C0A0E78,IPMA,2026-10-03 01:16:03+00:00,38.702,-7.779,15.0,,L,,L,,,,,,,E  Arraiolos,,,,,,high,0.92,preliminary,https://api.ipma.pt/open-data/observation/seismic/7.json,/home/runner/work/memoria-seismic-observatory/memoria-seismic-observatory/data/bronze/ipma/2026/10/09/area_7_20261009T103445Z.json,,True,,,False,,,,2026-10-09 10:34:45.293661+00:00
MEM-C57F8385BED3C1A4,MEM-C57F8385BED3C1A4,IPMA,2026-10-06 05:55:25+00:00,38.73,-7.898,16.0,,L,,L,,,,,,,E  Arraiolos,,,,,,high,0.92,preliminary,https://api.ipma.pt/open-data/observation/seismic/7.json,/home/runner/work/memoria-seismic-observatory/memoria-seismic-observatory/data/bronze/ipma/2026/10/09/area_7_20261009T103445Z.json,,True,,,False,,,,2026-10-09 10:34:45.293661+00:00
MEM-BC032B245A9AF253,MEM-BC032B245A9AF253,IPMA,2026-09-10 10:55:40+00:00,36.669,-7.105,14.0,0.8,L,0.8,L,0.8,,,,,,Golfo de Cádiz,,,,,,high,0.92,preliminary,https://api.ipma.pt/open-data/observation/seismic/7.json,/home/runner/work/memoria-seismic-observatory/memoria-seismic-observatory/data/bronze/ipma/2026/10/09/area_7_20261009T103445Z.json,,True,,,False,,,,2026-10-09 10:34:45.293661+00:00
MEM-5D9FC26479EDCB64,MEM-5D9FC26479EDCB64,IPMA,2026-09-10 13:01:57+00:00,38.071,-8.293,14.0,0.1,L,0.1,L,0.1,,,,,,W  Ferreira do Alentejo,,,,,,high,0.92,preliminary,https://api.ipma.pt/open-data/observation/seismic/7.json,/home/runner/work/memoria-seismic-observatory/memoria-seismic-observatory/data/bronze/ipma/2026/10/09/area_7_20261009T103445Z.json,,True,,,False,,,,2026-10-09 10:34:45.293661+00:00
MEM-1F60E8D4DBDB94D5,MEM-1F60E8D4DBDB94D5,IPMA,2026-09-10 17:04:11+00:00,37.326,-8.562,12.0,0.5,L,0.5,L,0.5,,,,,,N  Monchique,,,,,,high,0.92,preliminary,https://api.ipma.pt/open-data/observation/seismic/7.json,/home/runner/work/memoria-seismic-observatory/memoria-seismic-observatory/data/bronze/ipma/2026/10/09/area_7_20261009T103445Z.json,,True,,,False,,,,2026-10-09 10:34:45.293661+00:00
MEM-D45292F55ED1A337,MEM-D45292F55ED1A337,IPMA,2026-09-10 19:18:40+00:00,36.634,-7.397,1.0,0.8,L,0.8,L,0.8,,,,,,Golfo de Cádiz,,,,,,high,0.92,preliminary,https://api.ipma.pt/open-data/observation/seismic/7.json,/home/runner/work/memoria-seismic-observatory/memoria-seismic-observatory/data/bronze/ipma/2026/10/09/area_7_20261009T103445Z.json,,True,,,False,,,,2026-10-09 10:34:45.293661+00:00
MEM-F435143EDFB1F115,MEM-F435143EDFB1F115,IPMA,2026-09-11 06:10:10+00:00,40.333,-7.557,22.0,0.8,L,0.8,L,0.8,,,,,,SW Manteigas,,,,,,high,0.92,preliminary,https://api.ipma.pt/open-data/observation/seismic/7.json,/home/runner/work/memoria-seismic-observatory/memoria-seismic-observatory/data/bronze/ipma/2026/10/09/area_7_20261009T103445Z.json,,True,,,False,,,,2026-10-09 10:34:45.293661+00:00
MEM-E25716E7E1CAF8DC,MEM-E25716E7E1CAF8DC,IPMA,2026-09-11 16:44:08+00:00,37.322,-8.631,15.0,0.1,L,0.1,L,0.1,,,,,,W  Monchique,,,,,,high,0.92,preliminary,https://api.ipma.pt/open-data/observation/seismic/7.json,/home/runner/work/memoria-seismic-observatory/memoria-seismic-observatory/data/bronze/ipma/2026/10/09/area_7_20261009T103445Z.json,,True,,,False,,,,2026-10-09 10:34:45.293661+00:00
MEM-D376DA3C1E598D31,MEM-D376DA3C1E598D31,IPMA,2026-09-12 20:22:45+00:00,37.323,-8.572,7.0,0.9,L,0.9,L,0.9,,,,,,NW Monchique,,,,,,high,0.92,preliminary,https://api.ipma.pt/open-data/observation/seismic/7.json,/home/runner/work/memoria-seismic-observatory/memoria-seismic-observatory/data/bronze/ipma/2026/10/09/area_7_20261009T103445Z.json,,True,,,False,,,,2026-10-09 10:34:45.293661+00:00
MEM-601E0F2E45C54DEA,MEM-601E0F2E45C54DEA,IPMA,2026-09-12 20:28:51+00:00,41.052,-8.454,16.0,0.8,L,0.8,L,0.8,,,,,,SE Gondomar,,,,,,high,0.92,preliminary,https://api.ipma.pt/open-data/observation/seismic/7.json,/home/runner/work/memoria-seismic-observatory/memoria-seismic-observatory/data/bronze/ipma/2026/10/09/area_7_20261009T103445Z.json,,True,,,False,,,,2026-10-09 10:34:45.293661+00:00
MEM-D0E26A847BFC5B19,MEM-D0E26A847BFC5B19,IPMA,2026-09-12 20:53:16+00:00,42.384,-8.12,17.0,0.4,L,0.4,L,0.4,,,,,,NW Ourense (ESP),,,,,,high,0.92,preliminary,https://api.ipma.pt/open-data/observation/seismic/7.json,/home/runner/work/memoria-seismic-observatory/memoria-seismic-observatory/data/bronze/ipma/2026/10/09/area_7_20261009T103445Z.json,,True,,,False,,,,2026-10-09 10:34:45.293661+00:00
MEM-3E423510025E953F,MEM-3E423510025E953F,IPMA,2026-09-13 05:28:29+00:00,42.13,-6.97,15.0,0.2,L,0.2,L,0.2,,,,,,N  Vinhais,,,,,,high,0.92,preliminary,https://api.ipma.pt/open-data/observation/seismic/7.json,/home/runner/work/memoria-seismic-observatory/memoria-seismic-observatory/data/bronze/ipma/2026/10/09/area_7_20261009T103445Z.json,,True,,,False,,,,2026-10-09 10:34:45.293661+00:00
MEM-4F7DD332B55CE9A6,MEM-4F7DD332B55CE9A6,IPMA,2026-09-13 11:34:52+00:00,42.088,-7.034,7.0,0.5,L,0.5,L,0.5,,,,,,N  Vinhais,,,,,,high,0.92,preliminary,https://api.ipma.pt/open-data/observation/seismic/7.json,/home/runner/work/memoria-seismic-observatory/memoria-seismic-observatory/data/bronze/ipma/2026/10/09/area_7_20261009T103445Z.json,,True,,,False,,,,2026-10-09 10:34:45.293661+00:00
MEM-FB029096A3CEE1A7,MEM-FB029096A3CEE1A7,IPMA,2026-09-13 16:03:36+00:00,38.781,-7.969,10.0,0.4,L,0.4,L,0.4,,,,,,NE Arraiolos,,,,,,high,0.92,preliminary,https://api.ipma.pt/open-data/observation/seismic/7.json,/home/runner/work/memoria-seismic-observatory/memoria-seismic-observatory/data/bronze/ipma/2026/10/09/area_7_20261009T103445Z.json,,True,,,False,,,,2026-10-09 10:34:45.293661+00:00
MEM-C7666FE2C74BE091,MEM-C7666FE2C74BE091,IPMA,2026-09-13 19:01:39+00:00,42.278,-7.77,8.0,0.9,L,0.9,L,0.9,,,,,,SE Ourense (ESP),,,,,,high,0.92,preliminary,https://api.ipma.pt/open-data/observation/seismic/7.json,/home/runner/work/memoria-seismic-observatory/memoria-seismic-observatory/data/bronze/ipma/2026/10/09/area_7_20261009T103445Z.json,,True,,,False,,,,2026-10-09 10:34:45.293661+00:00
MEM-70EAA8BA8EB5BAE4,MEM-70EAA8BA8EB5BAE4,IPMA,2026-09-13 20:48:30+00:00,37.313,-8.598,15.0,0.6,L,0.6,L,0.6,,,,,,W  Monchique,,,,,,high,0.92,preliminary,https://api.ipma.pt/open-data/observation/seismic/7.json,/home/runner/work/memoria-seismic-observatory/memoria-seismic-observatory/data/bronze/ipma/2026/10/09/area_7_20261009T103445Z.json,,True,,,False,,,,2026-10-09 10:34:45.293661+00:00
MEM-4160771AF97EC3BF,MEM-4160771AF97EC3BF,IPMA,2026-09-14 01:28:26+00:00,41.083,-7.101,3.0,0.1,L,0.1,L,0.1,,,,,,E  Vila Nova de Foz Coa,,,,,,high,0.92,preliminary,https://api.ipma.pt/open-data/observation/seismic/7.json,/home/runner/work/memoria-seismic-observatory/memoria-seismic-observatory/data/bronze/ipma/2026/10/09/area_7_20261009T103445Z.json,,True,,,False,,,,2026-10-09 10:34:45.293661+00:00
MEM-B462346E4CC02834,MEM-B462346E4CC02834,IPMA,2026-09-14 08:26:46+00:00,39.249,-8.297,17.0,0.4,L,0.4,L,0.4,,,,,,SE Chamusca,,,,,,high,0.92,preliminary,https://api.ipma.pt/open-data/observation/seismic/7.json,/home/runner/work/memoria-seismic-observatory/memoria-seismic-observatory/data/bronze/ipma/2026/10/09/area_7_20261009T103445Z.json,,True,,,False,,,,2026-10-09 10:34:45.293661+00:00
MEM-BEA5F668980CE62A,MEM-BEA5F668980CE62A,IPMA,2026-09-14 18:23:56+00:00,37.345,-8.493,8.0,0.6,L,0.6,L,0.6,,,,,,NE Monchique,,,,,,high,0.92,preliminary,https://api.ipma.pt/open-data/observation/seismic/7.json,/home/runner/work/memoria-seismic-observatory/memoria-seismic-observatory/data/bronze/ipma/2026/10/09/area_7_20261009T103445Z.json,,True,,,False,,,,2026-10-09 10:34:45.293661+00:00
MEM-4F6E26D18AAA8058,MEM-4F6E26D18AAA8058,IPMA,2026-09-15 20:56:22+00:00,42.456,-7.337,2.0,0.9,L,0.9,L,0.9,,,,,,NE Ourense (ESP),,,,,,high,0.92,preliminary,https://api.ipma.pt/open-data/observation/seismic/7.json,/home/runner/work/memoria-seismic-observatory/memoria-seismic-observatory/data/bronze/ipma/2026/10/09/area_7_20261009T103445Z.json,,True,,,False,,,,2026-10-09 10:34:45.293661+00:00
MEM-C501939F93E6598B,MEM-C501939F93E6598B,IPMA,2026-09-16 00:27:15+00:00,42.425,-7.155,2.0,0.9,L,0.9,L,0.9,,,,,,E  Ourense (ESP),,,,,,high,0.92,preliminary,https://api.ipma.pt/open-data/observation/seismic/7.json,/home/runner/work/memoria-seismic-observatory/memoria-seismic-observatory/data/bronze/ipma/2026/10/09/area_7_20261009T103445Z.json,,True,,,False,,,,2026-10-09 10:34:45.293661+00:00
MEM-1D2CFF6050C97796,MEM-1D2CFF6050C97796,IPMA,2026-09-17 00:29:23+00:00,37.353,-8.549,8.0,0.5,L,0.5,L,0.5,,,,,,NE Monchique,,,,,,high,0.92,preliminary,https://api.ipma.pt/open-data/observation/seismic/7.json,/home/runner/work/memoria-seismic-observatory/memoria-seismic-observatory/data/bronze/ipma/2026/10/09/area_7_20261009T103445Z.json,,True,,,False,,,,2026-10-09 10:34:45.293661+00:00
MEM-1C444F43FA84188C,MEM-1C444F43FA84188C,IPMA,2026-09-18 02:47:32+00:00,42.414,-8.108,11.0,0.7,L,0.7,L,0.7,,,,,,NW Ourense (ESP),,,,,,high,0.92,preliminary,https://api.ipma.pt/open-data/observation/seismic/7.json,/home/runner/work/memoria-seismic-observatory/memoria-seismic-observatory/data/bronze/ipma/2026/10/09/area_7_20261009T103445Z.json,,True,,,False,,,,2026-10-09 10:34:45.293661+00:00
MEM-77488E0C8097CDF5,MEM-77488E0C8097CDF5,IPMA,2026-09-18 18:53:32+00:00,42.009,-7.043,9.0,0.8,L,0.8,L,0.8,,,,,,NW Vinhais,,,,,,high,0.92,preliminary,https://api.ipma.pt/open-data/observation/seismic/7.json,/home/runner/work/memoria-seismic-observatory/memoria-seismic-observatory/data/bronze/ipma/2026/10/09/area_7_20261009T103445Z.json,,True,,,False,,,,2026-10-09 10:34:45.293661+00:00
MEM-9CC4BF033A1F442E,MEM-9CC4BF033A1F442E,IPMA,2026-09-18 19:41:34+00:00,38.738,-7.877,17.0,0.3,L,0.3,L,0.3,,,,,,E  Arraiolos,,,,,,high,0.92,preliminary,https://api.ipma.pt/open-data/observation/seismic/7.json,/home/runner/work/memoria-seismic-observatory/memoria-seismic-observatory/data/bronze/ipma/2026/10/09/area_7_20261009T103445Z.json,,True,,,False,,,,2026-10-09 10:34:45.293661+00:00
MEM-20CACABD910F113B,MEM-20CACABD910F113B,IPMA,2026-09-18 19:45:23+00:00,38.779,-7.968,11.0,0.5,L,0.5,L,0.5,,,,,,NE Arraiolos,,,,,,high,0.92,preliminary,https://api.ipma.pt/open-data/observation/seismic/7.json,/home/runner/work/memoria-seismic-observatory/memoria-seismic-observatory/data/bronze/ipma/2026/10/09/area_7_20261009T103445Z.json,,True,,,False,,,,2026-10-09 10:34:45.293661+00:00
MEM-21A858DFA88622D1,MEM-21A858DFA88622D1,IPMA,2026-09-19 03:17:04+00:00,36.386,-7.814,1.0,0.2,L,0.2,L,0.2,,,,,,Golfo de Cádiz,,,,,,high,0.92,preliminary,https://api.ipma.pt/open-data/observation/seismic/7.json,/home/runner/work/memoria-seismic-observatory/memoria-seismic-observatory/data/bronze/ipma/2026/10/09/area_7_20261009T103445Z.json,,True,,,False,,,,2026-10-09 10:34:45.293661+00:00
MEM-9ED7BE4C1D2FEFE3,MEM-9ED7BE4C1D2FEFE3,IPMA,2026-09-19 06:29:41+00:00,42.124,-6.986,13.0,0.6,L,0.6,L,0.6,,,,,,N  Vinhais,,,,,,high,0.92,preliminary,https://api.ipma.pt/open-data/observation/seismic/7.json,/home/runner/work/memoria-seismic-observatory/memoria-seismic-observatory/data/bronze/ipma/2026/10/09/area_7_20261009T103445Z.json,,True,,,False,,,,2026-10-09 10:34:45.293661+00:00
MEM-03257DD65C5A42FC,MEM-03257DD65C5A42FC,IPMA,2026-09-19 09:37:28+00:00,38.394,-9.404,9.0,0.7,L,0.7,L,0.7,,,,,,W  Sesimbra,,,,,,high,0.92,preliminary,https://api.ipma.pt/open-data/observation/seismic/7.json,/home/runner/work/memoria-seismic-observatory/memoria-seismic-observatory/data/bronze/ipma/2026/10/09/area_7_20261009T103445Z.json,,True,,,False,,,,2026-10-09 10:34:45.293661+00:00
MEM-750A39072BB4BC22,MEM-750A39072BB4BC22,IPMA,2026-09-19 11:46:36+00:00,42.119,-6.99,11.0,0.7,L,0.7,L,0.7,,,,,,N  Vinhais,,,,,,high,0.92,preliminary,https://api.ipma.pt/open-data/observation/seismic/7.json,/home/runner/work/memoria-seismic-observatory/memoria-seismic-observatory/data/bronze/ipma/2026/10/09/area_7_20261009T103445Z.json,,True,,,False,,,,2026-10-09 10:34:45.293661+00:00
MEM-AEB21F8270D936E2,MEM-AEB21F8270D936E2,IPMA,2026-09-19 19:05:56+00:00,36.428,-7.688,1.0,0.9,L,0.9,L,0.9,,,,,,Golfo de Cádiz,,,,,,high,0.92,preliminary,https://api.ipma.pt/open-data/observation/seismic/7.json,/home/runner/work/memoria-seismic-observatory/memoria-seismic-observatory/data/bronze/ipma/2026/10/09/area_7_20261009T103445Z.json,,True,,,False,,,,2026-10-09 10:34:45.293661+00:00
MEM-9B633732FD1DB83A,MEM-9B633732FD1DB83A,IPMA,2026-09-19 20:29:14+00:00,37.33,-8.552,14.0,0.7,L,0.7,L,0.7,,,,,,NE Monchique,,,,,,high,0.92,preliminary,https://api.ipma.pt/open-data/observation/seismic/7.json,/home/runner/work/memoria-seismic-observatory/memoria-seismic-observatory/data/bronze/ipma/2026/10/09/area_7_20261009T103445Z.json,,True,,,False,,,,2026-10-09 10:34:45.293661+00:00
MEM-0A0DED287A7F4C11,MEM-0A0DED287A7F4C11,IPMA,2026-09-19 21:33:21+00:00,42.101,-8.141,17.0,0.8,L,0.8,L,0.8,,,,,,E  Melgaço,,,,,,high,0.92,preliminary,https://api.ipma.pt/open-data/observation/seismic/7.json,/home/runner/work/memoria-seismic-observatory/memoria-seismic-observatory/data/bronze/ipma/2026/10/09/area_7_20261009T103445Z.json,,True,,,False,,,,2026-10-09 10:34:45.293661+00:00
MEM-9A917F8BFB5DF940,MEM-9A917F8BFB5DF940,IPMA,2026-09-19 23:46:56+00:00,37.231,-9.039,29.0,0.5,L,0.5,L,0.5,,,,,,NW Vila do Bispo,,,,,,high,0.92,preliminary,https://api.ipma.pt/open-data/observation/seismic/7.json,/home/runner/work/memoria-seismic-observatory/memoria-seismic-observatory/data/bronze/ipma/2026/10/09/area_7_20261009T103445Z.json,,True,,,False,,,,2026-10-09 10:34:45.293661+00:00
MEM-B73F115BCB0B9B00,MEM-B73F115BCB0B9B00,IPMA,2026-09-20 04:06:09+00:00,38.855,-8.379,20.0,0.3,L,0.3,L,0.3,,,,,,SE Coruche,,,,,,high,0.92,preliminary,https://api.ipma.pt/open-data/observation/seismic/7.json,/home/runner/work/memoria-seismic-observatory/memoria-seismic-observatory/data/bronze/ipma/2026/10/09/area_7_20261009T103445Z.json,,True,,,False,,,,2026-10-09 10:34:45.293661+00:00
MEM-C59EC7725EA44F2C,MEM-C59EC7725EA44F2C,IPMA,2026-09-20 11:27:53+00:00,38.822,-8.025,19.0,0.4,L,0.4,L,0.4,,,,,,NW Arraiolos,,,,,,high,0.92,preliminary,https://api.ipma.pt/open-data/observation/seismic/7.json,/home/runner/work/memoria-seismic-observatory/memoria-seismic-observatory/data/bronze/ipma/2026/10/09/area_7_20261009T103445Z.json,,True,,,False,,,,2026-10-09 10:34:45.293661+00:00
MEM-FA0D4FA829B7FD4C,MEM-FA0D4FA829B7FD4C,IPMA,2026-09-20 16:18:40+00:00,39.01,-6.243,1.0,0.8,L,0.8,L,0.8,,,,,,NE Mérida (ESP),,,,,,high,0.92,preliminary,https://api.ipma.pt/open-data/observation/seismic/7.json,/home/runner/work/memoria-seismic-observatory/memoria-seismic-observatory/data/bronze/ipma/2026/10/09/area_7_20261009T103445Z.json,,True,,,False,,,,2026-10-09 10:34:45.293661+00:00
MEM-63536EA969F07017,MEM-63536EA969F07017,IPMA,2026-09-21 22:55:24+00:00,36.774,-7.134,7.0,0.9,L,0.9,L,0.9,,,,,,Golfo de Cádiz,,,,,,high,0.92,preliminary,https://api.ipma.pt/open-data/observation/seismic/7.json,/home/runner/work/memoria-seismic-observatory/memoria-seismic-observatory/data/bronze/ipma/2026/10/09/area_7_20261009T103445Z.json,,True,,,False,,,,2026-10-09 10:34:45.293661+00:00
MEM-F838A1F52A105720,MEM-F838A1F52A105720,IPMA,2026-09-21 23:15:05+00:00,36.788,-7.104,1.0,0.8,L,0.8,L,0.8,,,,,,Golfo de Cádiz,,,,,,high,0.92,preliminary,https://api.ipma.pt/open-data/observation/seismic/7.json,/home/runner/work/memoria-seismic-observatory/memoria-seismic-observatory/data/bronze/ipma/2026/10/09/area_7_20261009T103445Z.json,,True,,,False,,,,2026-10-09 10:34:45.293661+00:00
MEM-FF2DB3348A4474B0,MEM-FF2DB3348A4474B0,IPMA,2026-09-21 23:22:44+00:00,36.369,-8.017,11.0,0.7,L,0.7,L,0.7,,,,,,S  Faro,,,,,,high,0.92,preliminary,https://api.ipma.pt/open-data/observation/seismic/7.json,/home/runner/work/memoria-seismic-observatory/memoria-seismic-observatory/data/bronze/ipma/2026/10/09/area_7_20261009T103445Z.json,,True,,,False,,,,2026-10-09 10:34:45.293661+00:00
MEM-50AE46AE17FBD9B8,MEM-50AE46AE17FBD9B8,IPMA,2026-09-22 05:15:57+00:00,36.761,-7.13,1.0,0.9,L,0.9,L,0.9,,,,,,Golfo de Cádiz,,,,,,high,0.92,preliminary,https://api.ipma.pt/open-data/observation/seismic/7.json,/home/runner/work/memoria-seismic-observatory/memoria-seismic-observatory/data/bronze/ipma/2026/10/09/area_7_20261009T103445Z.json,,True,,,False,,,,2026-10-09 10:34:45.293661+00:00
MEM-BCCEE9D8F0DF4F22,MEM-BCCEE9D8F0DF4F22,IPMA,2026-09-22 14:14:10+00:00,39.261,-9.06,1.0,0.9,L,0.9,L,0.9,,,,,,NE Cadaval,,,,,,high,0.92,preliminary,https://api.ipma.pt/open-data/observation/seismic/7.json,/home/runner/work/memoria-seismic-observatory/memoria-seismic-observatory/data/bronze/ipma/2026/10/09/area_7_20261009T103445Z.json,,True,,,False,,,,2026-10-09 10:34:45.293661+00:00
MEM-AC59A94C8BF993D6,MEM-AC59A94C8BF993D6,IPMA,2026-09-22 17:17:19+00:00,37.205,-7.639,0.0,0.8,L,0.8,L,0.8,,,,,,N  Tavira,,,,,,high,0.92,preliminary,https://api.ipma.pt/open-data/observation/seismic/7.json,/home/runner/work/memoria-seismic-observatory/memoria-seismic-observatory/data/bronze/ipma/2026/10/09/area_7_20261009T103445Z.json,,True,,,False,,,,2026-10-09 10:34:45.293661+00:00
MEM-E26F0870381BD3F1,MEM-E26F0870381BD3F1,IPMA,2026-09-22 19:14:39+00:00,38.651,-8.224,1.0,0.8,L,0.8,L,0.8,,,,,,N  Montemor-o-Novo,,,,,,high,0.92,preliminary,https://api.ipma.pt/open-data/observation/seismic/7.json,/home/runner/work/memoria-seismic-observatory/memoria-seismic-observatory/data/bronze/ipma/2026/10/09/area_7_20261009T103445Z.json,,True,,,False,,,,2026-10-09 10:34:45.293661+00:00
MEM-32A44050C2423054,MEM-32A44050C2423054,IPMA,2026-09-22 21:22:54+00:00,37.233,-7.422,3.0,0.3,L,0.3,L,0.3,,,,,,NE Castro Marim,,,,,,high,0.92,preliminary,https://api.ipma.pt/open-data/observation/seismic/7.json,/home/runner/work/memoria-seismic-observatory/memoria-seismic-observatory/data/bronze/ipma/2026/10/09/area_7_20261009T103445Z.json,,True,,,False,,,,2026-10-09 10:34:45.293661+00:00
MEM-AC9056B878F2C063,MEM-AC9056B878F2C063,IPMA,2026-09-22 23:10:55+00:00,41.224,-7.546,14.0,0.9,L,0.9,L,0.9,,,,,,SE Sabrosa,,,,,,high,0.92,preliminary,https://api.ipma.pt/open-data/observation/seismic/7.json,/home/runner/work/memoria-seismic-observatory/memoria-seismic-observatory/data/bronze/ipma/2026/10/09/area_7_20261009T103445Z.json,,True,,,False,,,,2026-10-09 10:34:45.293661+00:00
MEM-804C19646EB2637B,MEM-804C19646EB2637B,IPMA,2026-09-23 01:55:17+00:00,37.16,-8.59,11.0,0.6,L,0.6,L,0.6,,,,,,NW Portimão,,,,,,high,0.92,preliminary,https://api.ipma.pt/open-data/observation/seismic/7.json,/home/runner/work/memoria-seismic-observatory/memoria-seismic-observatory/data/bronze/ipma/2026/10/09/area_7_20261009T103445Z.json,,True,,,False,,,,2026-10-09 10:34:45.293661+00:00
MEM-9FC6D1BC9EB40489,MEM-9FC6D1BC9EB40489,IPMA,2026-09-23 03:06:17+00:00,37.328,-8.53,18.0,0.8,L,0.8,L,0.8,,,,,,NE Monchique,,,,,,high,0.92,preliminary,https://api.ipma.pt/open-data/observation/seismic/7.json,/home/runner/work/memoria-seismic-observatory/memoria-seismic-observatory/data/bronze/ipma/2026/10/09/area_7_20261009T103445Z.json,,True,,,False,,,,2026-10-09 10:34:45.293661+00:00
MEM-6D11D7D6738535F7,MEM-6D11D7D6738535F7,IPMA,2026-09-23 03:15:41+00:00,37.298,-8.561,8.0,0.1,L,0.1,L,0.1,,,,,,S  Monchique,,,,,,high,0.92,preliminary,https://api.ipma.pt/open-data/observation/seismic/7.json,/home/runner/work/memoria-seismic-observatory/memoria-seismic-observatory/data/bronze/ipma/2026/10/09/area_7_20261009T103445Z.json,,True,,,False,,,,2026-10-09 10:34:45.293661+00:00
MEM-FA93B39B6F59D5FC,MEM-FA93B39B6F59D5FC,IPMA,2026-09-23 04:44:25+00:00,42.011,-8.041,15.0,0.8,L,0.8,L,0.8,,,,,,SE Melgaço,,,,,,high,0.92,preliminary,https://api.ipma.pt/open-data/observation/seismic/7.json,/home/runner/work/memoria-seismic-observatory/memoria-seismic-observatory/data/bronze/ipma/2026/10/09/area_7_20261009T103445Z.json,,True,,,False,,,,2026-10-09 10:34:45.293661+00:00
MEM-992D0A0406E8A87C,MEM-992D0A0406E8A87C,IPMA,2026-09-23 05:18:19+00:00,36.537,-7.969,18.0,0.7,L,0.7,L,0.7,,,,,,Golfo de Cádiz,,,,,,high,0.92,preliminary,https://api.ipma.pt/open-data/observation/seismic/7.json,/home/runner/work/memoria-seismic-observatory/memoria-seismic-observatory/data/bronze/ipma/2026/10/09/area_7_20261009T103445Z.json,,True,,,False,,,,2026-10-09 10:34:45.293661+00:00
MEM-844C3F01FBE9E3F4,MEM-844C3F01FBE9E3F4,IPMA,2026-09-23 09:00:20+00:00,38.282,-8.573,17.0,0.4,L,0.4,L,0.4,,,,,,SW Alcácer do Sal,,,,,,high,0.92,preliminary,https://api.ipma.pt/open-data/observation/seismic/7.json,/home/runner/work/memoria-seismic-observatory/memoria-seismic-observatory/data/bronze/ipma/2026/10/09/area_7_20261009T103445Z.json,,True,,,False,,,,2026-10-09 10:34:45.293661+00:00
MEM-B43C2DE3125CB8CC,MEM-B43C2DE3125CB8CC,IPMA,2026-09-23 11:30:50+00:00,38.202,-8.981,1.0,0.7,L,0.7,L,0.7,,,,,,NW Melides,,,,,,high,0.92,preliminary,https://api.ipma.pt/open-data/observation/seismic/7.json,/home/runner/work/memoria-seismic-observatory/memoria-seismic-observatory/data/bronze/ipma/2026/10/09/area_7_20261009T103445Z.json,,True,,,False,,,,2026-10-09 10:34:45.293661+00:00
MEM-13795E80432F412D,MEM-13795E80432F412D,IPMA,2026-09-23 11:55:11+00:00,36.751,-7.101,5.0,0.9,L,0.9,L,0.9,,,,,,Golfo de Cádiz,,,,,,high,0.92,preliminary,https://api.ipma.pt/open-data/observation/seismic/7.json,/home/runner/work/memoria-seismic-observatory/memoria-seismic-observatory/data/bronze/ipma/2026/10/09/area_7_20261009T103445Z.json,,True,,,False,,,,2026-10-09 10:34:45.293661+00:00
MEM-D84D34723AAFEB2E,MEM-D84D34723AAFEB2E,IPMA,2026-09-23 18:32:44+00:00,36.654,-7.081,17.0,0.7,L,0.7,L,0.7,,,,,,Golfo de Cádiz,,,,,,high,0.92,preliminary,https://api.ipma.pt/open-data/observation/seismic/7.json,/home/runner/work/memoria-seismic-observatory/memoria-seismic-observatory/data/bronze/ipma/2026/10/09/area_7_20261009T103445Z.json,,True,,,False,,,,2026-10-09 10:34:45.293661+00:00
MEM-FB527700C758F5BE,MEM-FB527700C758F5BE,IPMA,2026-09-23 23:09:25+00:00,38.795,-7.904,13.0,0.5,L,0.5,L,0.5,,,,,,NE Arraiolos,,,,,,high,0.92,preliminary,https://api.ipma.pt/open-data/observation/seismic/7.json,/home/runner/work/memoria-seismic-observatory/memoria-seismic-observatory/data/bronze/ipma/2026/10/09/area_7_20261009T103445Z.json,,True,,,False,,,,2026-10-09 10:34:45.293661+00:00
MEM-4DEBF75561F3692D,MEM-4DEBF75561F3692D,IPMA,2026-09-23 23:24:25+00:00,36.509,-8.984,2.0,0.8,L,0.8,L,0.8,,,,,,S  Cabo S.Vicente,,,,,,high,0.92,preliminary,https://api.ipma.pt/open-data/observation/seismic/7.json,/home/runner/work/memoria-seismic-observatory/memoria-seismic-observatory/data/bronze/ipma/2026/10/09/area_7_20261009T103445Z.json,,True,,,False,,,,2026-10-09 10:34:45.293661+00:00
MEM-6E8A2686D34373AE,MEM-6E8A2686D34373AE,IPMA,2026-09-24 02:18:56+00:00,38.656,-8.25,10.0,0.1,L,0.1,L,0.1,,,,,,NW Montemor-o-Novo,,,,,,high,0.92,preliminary,https://api.ipma.pt/open-data/observation/seismic/7.json,/home/runner/work/memoria-seismic-observatory/memoria-seismic-observatory/data/bronze/ipma/2026/10/09/area_7_20261009T103445Z.json,,True,,,False,,,,2026-10-09 10:34:45.293661+00:00
MEM-7DFD04D0FCCC3D5B,MEM-7DFD04D0FCCC3D5B,IPMA,2026-09-24 03:28:49+00:00,37.381,-9.186,24.0,0.6,L,0.6,L,0.6,,,,,,NW Aljezur,,,,,,high,0.92,preliminary,https://api.ipma.pt/open-data/observation/seismic/7.json,/home/runner/work/memoria-seismic-observatory/memoria-seismic-observatory/data/bronze/ipma/2026/10/09/area_7_20261009T103445Z.json,,True,,,False,,,,2026-10-09 10:34:45.293661+00:00
MEM-B70EAE0DA5246D80,MEM-B70EAE0DA5246D80,IPMA,2026-09-24 05:06:25+00:00,41.939,-7.608,8.0,0.8,L,0.8,L,0.8,,,,,,NE Montalegre,,,,,,high,0.92,preliminary,https://api.ipma.pt/open-data/observation/seismic/7.json,/home/runner/work/memoria-seismic-observatory/memoria-seismic-observatory/data/bronze/ipma/2026/10/09/area_7_20261009T103445Z.json,,True,,,False,,,,2026-10-09 10:34:45.293661+00:00
MEM-1E4A80076FF86A3B,MEM-1E4A80076FF86A3B,IPMA,2026-09-24 10:31:12+00:00,39.677,-9.138,11.0,0.7,L,0.7,L,0.7,,,,,,NW Nazaré,,,,,,high,0.92,preliminary,https://api.ipma.pt/open-data/observation/seismic/7.json,/home/runner/work/memoria-seismic-observatory/memoria-seismic-observatory/data/bronze/ipma/2026/10/09/area_7_20261009T103445Z.json,,True,,,False,,,,2026-10-09 10:34:45.293661+00:00
MEM-7F4E4B4DD155E60E,MEM-7F4E4B4DD155E60E,IPMA,2026-09-24 15:26:34+00:00,36.626,-9.69,18.0,0.8,L,0.8,L,0.8,,,,,,SW Cabo S.Vicente,,,,,,high,0.92,preliminary,https://api.ipma.pt/open-data/observation/seismic/7.json,/home/runner/work/memoria-seismic-observatory/memoria-seismic-observatory/data/bronze/ipma/2026/10/09/area_7_20261009T103445Z.json,,True,,,False,,,,2026-10-09 10:34:45.293661+00:00
MEM-89CC163ECDE0561A,MEM-89CC163ECDE0561A,IPMA,2026-09-24 20:12:07+00:00,36.692,-7.256,13.0,0.8,L,0.8,L,0.8,,,,,,Golfo de Cádiz,,,,,,high,0.92,preliminary,https://api.ipma.pt/open-data/observation/seismic/7.json,/home/runner/work/memoria-seismic-observatory/memoria-seismic-observatory/data/bronze/ipma/2026/10/09/area_7_20261009T103445Z.json,,True,,,False,,,,2026-10-09 10:34:45.293661+00:00
MEM-04E5BECA91883517,MEM-04E5BECA91883517,IPMA,2026-09-24 21:02:28+00:00,36.943,-8.753,15.0,0.5,L,0.5,L,0.5,,,,,,SW Lagos,,,,,,high,0.92,preliminary,https://api.ipma.pt/open-data/observation/seismic/7.json,/home/runner/work/memoria-seismic-observatory/memoria-seismic-observatory/data/bronze/ipma/2026/10/09/area_7_20261009T103445Z.json,,True,,,False,,,,2026-10-09 10:34:45.293661+00:00
MEM-4F4889B6B83372DA,MEM-4F4889B6B83372DA,IPMA,2026-09-24 22:10:17+00:00,36.753,-7.394,8.0,0.7,L,0.7,L,0.7,,,,,,Golfo de Cádiz,,,,,,high,0.92,preliminary,https://api.ipma.pt/open-data/observation/seismic/7.json,/home/runner/work/memoria-seismic-observatory/memoria-seismic-observatory/data/bronze/ipma/2026/10/09/area_7_20261009T103445Z.json,,True,,,False,,,,2026-10-09 10:34:45.293661+00:00
MEM-2DC028BB70574BA1,MEM-2DC028BB70574BA1,IPMA,2026-09-25 02:03:18+00:00,37.354,-9.173,30.0,0.9,L,0.9,L,0.9,,,,,,W  Aljezur,,,,,,high,0.92,preliminary,https://api.ipma.pt/open-data/observation/seismic/7.json,/home/runner/work/memoria-seismic-observatory/memoria-seismic-observatory/data/bronze/ipma/2026/10/09/area_7_20261009T103445Z.json,,True,,,False,,,,2026-10-09 10:34:45.293661+00:00
MEM-72A2E4E1F0979A1C,MEM-72A2E4E1F0979A1C,IPMA,2026-09-26 21:11:24+00:00,37.487,-7.67,18.0,0.3,L,0.3,L,0.3,,,,,,S  Mértola,,,,,,high,0.92,preliminary,https://api.ipma.pt/open-data/observation/seismic/7.json,/home/runner/work/memoria-seismic-observatory/memoria-seismic-observatory/data/bronze/ipma/2026/10/09/area_7_20261009T103445Z.json,,True,,,False,,,,2026-10-09 10:34:45.293661+00:00
MEM-DA4EE3F081842AE6,MEM-DA4EE3F081842AE6,IPMA,2026-09-27 05:06:36+00:00,38.351,-6.781,0.0,0.5,L,0.5,L,0.5,,,,,,NE Barrancos,,,,,,high,0.92,preliminary,https://api.ipma.pt/open-data/observation/seismic/7.json,/home/runner/work/memoria-seismic-observatory/memoria-seismic-observatory/data/bronze/ipma/2026/10/09/area_7_20261009T103445Z.json,,True,,,False,,,,2026-10-09 10:34:45.293661+00:00
MEM-9FDE9AA3C218ED36,MEM-9FDE9AA3C218ED36,IPMA,2026-09-27 14:17:55+00:00,37.321,-8.572,9.0,0.8,L,0.8,L,0.8,,,,,,NW Monchique,,,,,,high,0.92,preliminary,https://api.ipma.pt/open-data/observation/seismic/7.json,/home/runner/work/memoria-seismic-observatory/memoria-seismic-observatory/data/bronze/ipma/2026/10/09/area_7_20261009T103445Z.json,,True,,,False,,,,2026-10-09 10:34:45.293661+00:00
MEM-B61980FF7010C11D,MEM-B61980FF7010C11D,IPMA,2026-09-27 19:08:55+00:00,36.776,-7.281,18.0,0.7,L,0.7,L,0.7,,,,,,Golfo de Cádiz,,,,,,high,0.92,preliminary,https://api.ipma.pt/open-data/observation/seismic/7.json,/home/runner/work/memoria-seismic-observatory/memoria-seismic-observatory/data/bronze/ipma/2026/10/09/area_7_20261009T103445Z.json,,True,,,False,,,,2026-10-09 10:34:45.293661+00:00
MEM-C6CC21BEAC3E2C0B,MEM-C6CC21BEAC3E2C0B,IPMA,2026-09-27 19:14:49+00:00,37.153,-8.384,19.0,0.5,L,0.5,L,0.5,,,,,,SE Silves,,,,,,high,0.92,preliminary,https://api.ipma.pt/open-data/observation/seismic/7.json,/home/runner/work/memoria-seismic-observatory/memoria-seismic-observatory/data/bronze/ipma/2026/10/09/area_7_20261009T103445Z.json,,True,,,False,,,,2026-10-09 10:34:45.293661+00:00
MEM-19DA20EA14CD6FF3,MEM-19DA20EA14CD6FF3,IPMA,2026-09-27 22:18:24+00:00,38.506,-6.881,3.0,0.0,L,0.0,L,0.0,,,,,,SE Olivença,,,,,,high,0.92,preliminary,https://api.ipma.pt/open-data/observation/seismic/7.json,/home/runner/work/memoria-seismic-observatory/memoria-seismic-observatory/data/bronze/ipma/2026/10/09/area_7_20261009T103445Z.json,,True,,,False,,,,2026-10-09 10:34:45.293661+00:00
MEM-626C8763D71E2184,MEM-626C8763D71E2184,IPMA,2026-09-28 02:07:56+00:00,39.046,-11.055,33.0,0.9,L,0.9,L,0.9,,,,,,Canhão da Nazaré,,,,,,high,0.92,preliminary,https://api.ipma.pt/open-data/observation/seismic/7.json,/home/runner/work/memoria-seismic-observatory/memoria-seismic-observatory/data/bronze/ipma/2026/10/09/area_7_20261009T103445Z.json,,True,,,False,,,,2026-10-09 10:34:45.293661+00:00
MEM-0D53922558C23427,MEM-0D53922558C23427,IPMA,2026-09-28 04:27:38+00:00,38.033,-8.694,16.0,0.3,L,0.3,L,0.3,,,,,,NE Santiago do Cacém,,,,,,high,0.92,preliminary,https://api.ipma.pt/open-data/observation/seismic/7.json,/home/runner/work/memoria-seismic-observatory/memoria-seismic-observatory/data/bronze/ipma/2026/10/09/area_7_20261009T103445Z.json,,True,,,False,,,,2026-10-09 10:34:45.293661+00:00
MEM-CD14B4316C54DD10,MEM-CD14B4316C54DD10,IPMA,2026-09-28 08:51:45+00:00,37.343,-8.582,11.0,0.7,L,0.7,L,0.7,,,,,,NW Monchique,,,,,,high,0.92,preliminary,https://api.ipma.pt/open-data/observation/seismic/7.json,/home/runner/work/memoria-seismic-observatory/memoria-seismic-observatory/data/bronze/ipma/2026/10/09/area_7_20261009T103445Z.json,,True,,,False,,,,2026-10-09 10:34:45.293661+00:00
MEM-E1CB893CDBBBE7C3,MEM-E1CB893CDBBBE7C3,IPMA,2026-09-29 01:38:10+00:00,39.642,-8.669,3.0,0.6,L,0.6,L,0.6,,,,,,W  Vila Nova de Ourém,,,,,,high,0.92,preliminary,https://api.ipma.pt/open-data/observation/seismic/7.json,/home/runner/work/memoria-seismic-observatory/memoria-seismic-observatory/data/bronze/ipma/2026/10/09/area_7_20261009T103445Z.json,,True,,,False,,,,2026-10-09 10:34:45.293661+00:00
MEM-740123B5DD3E4ED3,MEM-740123B5DD3E4ED3,IPMA,2026-09-29 18:27:25+00:00,37.544,-6.671,18.0,0.9,L,0.9,L,0.9,,,,,,SW Aracena (ESP),,,,,,high,0.92,preliminary,https://api.ipma.pt/open-data/observation/seismic/7.json,/home/runner/work/memoria-seismic-observatory/memoria-seismic-observatory/data/bronze/ipma/2026/10/09/area_7_20261009T103445Z.json,,True,,,False,,,,2026-10-09 10:34:45.293661+00:00
MEM-CDE56A34FD5F1433,MEM-CDE56A34FD5F1433,IPMA,2026-09-30 03:34:12+00:00,38.236,-8.702,0.0,0.7,L,0.7,L,0.7,,,,,,NE Melides,,,,,,high,0.92,preliminary,https://api.ipma.pt/open-data/observation/seismic/7.json,/home/runner/work/memoria-seismic-observatory/memoria-seismic-observatory/data/bronze/ipma/2026/10/09/area_7_20261009T103445Z.json,,True,,,False,,,,2026-10-09 10:34:45.293661+00:00
MEM-8088AD8803B7A7D0,MEM-8088AD8803B7A7D0,IPMA,2026-09-30 08:13:45+00:00,38.758,-8.021,18.0,0.7,L,0.7,L,0.7,,,,,,NW Arraiolos,,,,,,high,0.92,preliminary,https://api.ipma.pt/open-data/observation/seismic/7.json,/home/runner/work/memoria-seismic-observatory/memoria-seismic-observatory/data/bronze/ipma/2026/10/09/area_7_20261009T103445Z.json,,True,,,False,,,,2026-10-09 10:34:45.293661+00:00
MEM-2FA715C89B644D0E,MEM-2FA715C89B644D0E,IPMA,2026-09-30 18:04:56+00:00,42.261,-7.314,19.0,0.8,L,0.8,L,0.8,,,,,,E  Ourense (ESP),,,,,,high,0.92,preliminary,https://api.ipma.pt/open-data/observation/seismic/7.json,/home/runner/work/memoria-seismic-observatory/memoria-seismic-observatory/data/bronze/ipma/2026/10/09/area_7_20261009T103445Z.json,,True,,,False,,,,2026-10-09 10:34:45.293661+00:00
MEM-5427FD69F712B7FF,MEM-5427FD69F712B7FF,IPMA,2026-09-30 20:14:00+00:00,38.557,-7.075,6.0,0.4,L,0.4,L,0.4,,,,,,SE Olivença,,,,,,high,0.92,preliminary,https://api.ipma.pt/open-data/observation/seismic/7.json,/home/runner/work/memoria-seismic-observatory/memoria-seismic-observatory/data/bronze/ipma/2026/10/09/area_7_20261009T103445Z.json,,True,,,False,,,,2026-10-09 10:34:45.293661+00:00
MEM-A90AC2A38059A184,MEM-A90AC2A38059A184,IPMA,2026-10-01 02:53:18+00:00,38.721,-7.905,10.0,0.4,L,0.4,L,0.4,,,,,,E  Arraiolos,,,,,,high,0.92,preliminary,https://api.ipma.pt/open-data/observation/seismic/7.json,/home/runner/work/memoria-seismic-observatory/memoria-seismic-observatory/data/bronze/ipma/2026/10/09/area_7_20261009T103445Z.json,,True,,,False,,,,2026-10-09 10:34:45.293661+00:00
MEM-23445A988CD552C2,MEM-23445A988CD552C2,IPMA,2026-10-02 13:51:26+00:00,38.779,-7.969,12.0,0.3,L,0.3,L,0.3,,,,,,NE Arraiolos,,,,,,high,0.92,preliminary,https://api.ipma.pt/open-data/observation/seismic/7.json,/home/runner/work/memoria-seismic-observatory/memoria-seismic-observatory/data/bronze/ipma/2026/10/09/area_7_20261009T103445Z.json,,True,,,False,,,,2026-10-09 10:34:45.293661+00:00
MEM-84B915DD6F70FF11,MEM-84B915DD6F70FF11,IPMA,2026-10-02 13:51:50+00:00,38.778,-7.973,12.0,0.6,L,0.6,L,0.6,,,,,,NE Arraiolos,,,,,,high,0.92,preliminary,https://api.ipma.pt/open-data/observation/seismic/7.json,/home/runner/work/memoria-seismic-observatory/memoria-seismic-observatory/data/bronze/ipma/2026/10/09/area_7_20261009T103445Z.json,,True,,,False,,,,2026-10-09 10:34:45.293661+00:00
MEM-3318DAA95CACC3DE,MEM-3318DAA95CACC3DE,IPMA,2026-10-02 13:52:20+00:00,38.779,-7.964,11.0,0.7,L,0.7,L,0.7,,,,,,NE Arraiolos,,,,,,high,0.92,preliminary,https://api.ipma.pt/open-data/observation/seismic/7.json,/home/runner/work/memoria-seismic-observatory/memoria-seismic-observatory/data/bronze/ipma/2026/10/09/area_7_20261009T103445Z.json,,True,,,False,,,,2026-10-09 10:34:45.293661+00:00
MEM-9ACA90A3F47EE78C,MEM-9ACA90A3F47EE78C,IPMA,2026-10-02 23:48:15+00:00,38.115,-9.044,9.0,0.3,L,0.3,L,0.3,,,,,,NW Sines,,,,,,high,0.92,preliminary,https://api.ipma.pt/open-data/observation/seismic/7.json,/home/runner/work/memoria-seismic-observatory/memoria-seismic-observatory/data/bronze/ipma/2026/10/09/area_7_20261009T103445Z.json,,True,,,False,,,,2026-10-09 10:34:45.293661+00:00
MEM-0DF2770291AF08B1,MEM-0DF2770291AF08B1,IPMA,2026-10-03 06:06:30+00:00,37.079,-8.391,29.0,0.5,L,0.5,L,0.5,,,,,,SE Lagoa,,,,,,high,0.92,preliminary,https://api.ipma.pt/open-data/observation/seismic/7.json,/home/runner/work/memoria-seismic-observatory/memoria-seismic-observatory/data/bronze/ipma/2026/10/09/area_7_20261009T103445Z.json,,True,,,False,,,,2026-10-09 10:34:45.293661+00:00
MEM-D1227A11ADBBE65C,MEM-D1227A11ADBBE65C,IPMA,2026-10-03 16:12:57+00:00,38.473,-7.731,8.0,0.2,L,0.2,L,0.2,,,,,,NW Reguengos de Monsaráz,,,,,,high,0.92,preliminary,https://api.ipma.pt/open-data/observation/seismic/7.json,/home/runner/work/memoria-seismic-observatory/memoria-seismic-observatory/data/bronze/ipma/2026/10/09/area_7_20261009T103445Z.json,,True,,,False,,,,2026-10-09 10:34:45.293661+00:00
MEM-8DADB65D7D04C34B,MEM-8DADB65D7D04C34B,IPMA,2026-10-03 20:47:18+00:00,41.979,-7.687,3.0,0.3,L,0.3,L,0.3,,,,,,NE Montalegre,,,,,,high,0.92,preliminary,https://api.ipma.pt/open-data/observation/seismic/7.json,/home/runner/work/memoria-seismic-observatory/memoria-seismic-observatory/data/bronze/ipma/2026/10/09/area_7_20261009T103445Z.json,,True,,,False,,,,2026-10-09 10:34:45.293661+00:00
MEM-4261AF099A6A83DF,MEM-4261AF099A6A83DF,IPMA,2026-10-03 21:49:18+00:00,36.811,-7.193,33.0,0.8,L,0.8,L,0.8,,,,,,Golfo de Cádiz,,,,,,high,0.92,preliminary,https://api.ipma.pt/open-data/observation/seismic/7.json,/home/runner/work/memoria-seismic-observatory/memoria-seismic-observatory/data/bronze/ipma/2026/10/09/area_7_20261009T103445Z.json,,True,,,False,,,,2026-10-09 10:34:45.293661+00:00
MEM-08ED70F293D65159,MEM-08ED70F293D65159,IPMA,2026-10-03 22:51:05+00:00,36.655,-7.635,15.0,0.8,L,0.8,L,0.8,,,,,,Golfo de Cádiz,,,,,,high,0.92,preliminary,https://api.ipma.pt/open-data/observation/seismic/7.json,/home/runner/work/memoria-seismic-observatory/memoria-seismic-observatory/data/bronze/ipma/2026/10/09/area_7_20261009T103445Z.json,,True,,,False,,,,2026-10-09 10:34:45.293661+00:00
MEM-3D3F60DB86151E53,MEM-3D3F60DB86151E53,IPMA,2026-10-03 23:32:02+00:00,39.018,-7.893,25.0,0.0,L,0.0,L,0.0,,,,,,S  Avis,,,,,,high,0.92,preliminary,https://api.ipma.pt/open-data/observation/seismic/7.json,/home/runner/work/memoria-seismic-observatory/memoria-seismic-observatory/data/bronze/ipma/2026/10/09/area_7_20261009T103445Z.json,,True,,,False,,,,2026-10-09 10:34:45.293661+00:00
MEM-81F5B15DDC5B58CF,MEM-81F5B15DDC5B58CF,IPMA,2026-10-03 23:36:59+00:00,37.068,-8.869,22.0,0.4,L,0.4,L,0.4,,,,,,SE Vila do Bispo,,,,,,high,0.92,preliminary,https://api.ipma.pt/open-data/observation/seismic/7.json,/home/runner/work/memoria-seismic-observatory/memoria-seismic-observatory/data/bronze/ipma/2026/10/09/area_7_20261009T103445Z.json,,True,,,False,,,,2026-10-09 10:34:45.293661+00:00
MEM-000D91F7325B572E,MEM-000D91F7325B572E,IPMA,2026-10-03 23:37:08+00:00,37.071,-8.882,22.0,0.2,L,0.2,L,0.2,,,,,,SE Vila do Bispo,,,,,,high,0.92,preliminary,https://api.ipma.pt/open-data/observation/seismic/7.json,/home/runner/work/memoria-seismic-observatory/memoria-seismic-observatory/data/bronze/ipma/2026/10/09/area_7_20261009T103445Z.json,,True,,,False,,,,2026-10-09 10:34:45.293661+00:00
MEM-C82CE5F2DD0335EF,MEM-C82CE5F2DD0335EF,IPMA,2026-10-04 05:05:57+00:00,39.187,-10.529,41.0,0.5,L,0.5,L,0.5,,,,,,Canhão da Nazaré,,,,,,high,0.92,preliminary,https://api.ipma.pt/open-data/observation/seismic/7.json,/home/runner/work/memoria-seismic-observatory/memoria-seismic-observatory/data/bronze/ipma/2026/10/09/area_7_20261009T103445Z.json,,True,,,False,,,,2026-10-09 10:34:45.293661+00:00
MEM-ED0F08B3FDD6B117,MEM-ED0F08B3FDD6B117,IPMA,2026-10-04 07:05:39+00:00,38.56,-7.978,16.0,0.7,L,0.7,L,0.7,,,,,,W  Evora,,,,,,high,0.92,preliminary,https://api.ipma.pt/open-data/observation/seismic/7.json,/home/runner/work/memoria-seismic-observatory/memoria-seismic-observatory/data/bronze/ipma/2026/10/09/area_7_20261009T103445Z.json,,True,,,False,,,,2026-10-09 10:34:45.293661+00:00
MEM-1BCD040F6366693F,MEM-1BCD040F6366693F,IPMA,2026-10-04 08:54:11+00:00,37.415,-7.724,12.0,0.4,L,0.4,L,0.4,,,,,,SW Alcoutim,,,,,,high,0.92,preliminary,https://api.ipma.pt/open-data/observation/seismic/7.json,/home/runner/work/memoria-seismic-observatory/memoria-seismic-observatory/data/bronze/ipma/2026/10/09/area_7_20261009T103445Z.json,,True,,,False,,,,2026-10-09 10:34:45.293661+00:00
MEM-08554A19FC60CA70,MEM-08554A19FC60CA70,IPMA,2026-10-04 09:23:15+00:00,37.697,-7.824,4.0,0.4,L,0.4,L,0.4,,,,,,NW Mértola,,,,,,high,0.92,preliminary,https://api.ipma.pt/open-data/observation/seismic/7.json,/home/runner/work/memoria-seismic-observatory/memoria-seismic-observatory/data/bronze/ipma/2026/10/09/area_7_20261009T103445Z.json,,True,,,False,,,,2026-10-09 10:34:45.293661+00:00
MEM-49B1CC27DF90CF8F,MEM-49B1CC27DF90CF8F,IPMA,2026-10-04 13:33:41+00:00,36.855,-7.447,27.0,0.7,L,0.7,L,0.7,,,,,,Golfo de Cádiz,,,,,,high,0.92,preliminary,https://api.ipma.pt/open-data/observation/seismic/7.json,/home/runner/work/memoria-seismic-observatory/memoria-seismic-observatory/data/bronze/ipma/2026/10/09/area_7_20261009T103445Z.json,,True,,,False,,,,2026-10-09 10:34:45.293661+00:00
MEM-00075EA042AC20F7,MEM-00075EA042AC20F7,IPMA,2026-10-04 20:58:57+00:00,40.006,-8.022,17.0,0.5,L,0.5,L,0.5,,,,,,SW Pampilhosa da Serra,,,,,,high,0.92,preliminary,https://api.ipma.pt/open-data/observation/seismic/7.json,/home/runner/work/memoria-seismic-observatory/memoria-seismic-observatory/data/bronze/ipma/2026/10/09/area_7_20261009T103445Z.json,,True,,,False,,,,2026-10-09 10:34:45.293661+00:00
MEM-D5973C848AFF9359,MEM-D5973C848AFF9359,IPMA,2026-10-05 01:22:52+00:00,42.285,-7.335,0.0,0.6,L,0.6,L,0.6,,,,,,E  Ourense (ESP),,,,,,high,0.92,preliminary,https://api.ipma.pt/open-data/observation/seismic/7.json,/home/runner/work/memoria-seismic-observatory/memoria-seismic-observatory/data/bronze/ipma/2026/10/09/area_7_20261009T103445Z.json,,True,,,False,,,,2026-10-09 10:34:45.293661+00:00
MEM-0CE1815A16FBCA3F,MEM-0CE1815A16FBCA3F,IPMA,2026-10-05 12:01:50+00:00,37.188,-8.703,10.0,0.5,L,0.5,L,0.5,,,,,,NW Lagos,,,,,,high,0.92,preliminary,https://api.ipma.pt/open-data/observation/seismic/7.json,/home/runner/work/memoria-seismic-observatory/memoria-seismic-observatory/data/bronze/ipma/2026/10/09/area_7_20261009T103445Z.json,,True,,,False,,,,2026-10-09 10:34:45.293661+00:00
MEM-A894290DB861692E,MEM-A894290DB861692E,IPMA,2026-10-05 19:58:38+00:00,36.9,-8.611,14.0,0.7,L,0.7,L,0.7,,,,,,SE Lagos,,,,,,high,0.92,preliminary,https://api.ipma.pt/open-data/observation/seismic/7.json,/home/runner/work/memoria-seismic-observatory/memoria-seismic-observatory/data/bronze/ipma/2026/10/09/area_7_20261009T103445Z.json,,True,,,False,,,,2026-10-09 10:34:45.293661+00:00
MEM-614D4069B9AC3EEE,MEM-614D4069B9AC3EEE,IPMA,2026-10-05 20:28:56+00:00,38.725,-7.901,13.0,0.3,L,0.3,L,0.3,,,,,,E  Arraiolos,,,,,,high,0.92,preliminary,https://api.ipma.pt/open-data/observation/seismic/7.json,/home/runner/work/memoria-seismic-observatory/memoria-seismic-observatory/data/bronze/ipma/2026/10/09/area_7_20261009T103445Z.json,,True,,,False,,,,2026-10-09 10:34:45.293661+00:00
MEM-88CE8C239B34E951,MEM-88CE8C239B34E951,IPMA,2026-10-05 22:40:56+00:00,39.496,-8.983,11.0,0.4,L,0.4,L,0.4,,,,,,S  Alcobaça,,,,,,high,0.92,preliminary,https://api.ipma.pt/open-data/observation/seismic/7.json,/home/runner/work/memoria-seismic-observatory/memoria-seismic-observatory/data/bronze/ipma/2026/10/09/area_7_20261009T103445Z.json,,True,,,False,,,,2026-10-09 10:34:45.293661+00:00
MEM-D631C9E1DAB8BEBB,MEM-D631C9E1DAB8BEBB,IPMA,2026-10-06 02:02:33+00:00,37.325,-8.563,13.0,0.5,L,0.5,L,0.5,,,,,,NW Monchique,,,,,,high,0.92,preliminary,https://api.ipma.pt/open-data/observation/seismic/7.json,/home/runner/work/memoria-seismic-observatory/memoria-seismic-observatory/data/bronze/ipma/2026/10/09/area_7_20261009T103445Z.json,,True,,,False,,,,2026-10-09 10:34:45.293661+00:00
MEM-52F812D36E73390C,MEM-52F812D36E73390C,IPMA,2026-10-06 03:30:37+00:00,37.616,-9.406,29.0,0.9,L,0.9,L,0.9,,,,,,SW Sines,,,,,,high,0.92,preliminary,https://api.ipma.pt/open-data/observation/seismic/7.json,/home/runner/work/memoria-seismic-observatory/memoria-seismic-observatory/data/bronze/ipma/2026/10/09/area_7_20261009T103445Z.json,,True,,,False,,,,2026-10-09 10:34:45.293661+00:00
MEM-B1EDC07715724092,MEM-B1EDC07715724092,IPMA,2026-10-06 06:16:19+00:00,38.388,-7.955,0.0,0.4,L,0.4,L,0.4,,,,,,NE Viana do Alentejo,,,,,,high,0.92,preliminary,https://api.ipma.pt/open-data/observation/seismic/7.json,/home/runner/work/memoria-seismic-observatory/memoria-seismic-observatory/data/bronze/ipma/2026/10/09/area_7_20261009T103445Z.json,,True,,,False,,,,2026-10-09 10:34:45.293661+00:00
MEM-9897186E94A2F684,MEM-9897186E94A2F684,IPMA,2026-10-06 11:58:01+00:00,36.425,-7.826,19.0,0.9,L,0.9,L,0.9,,,,,,Golfo de Cádiz,,,,,,high,0.92,preliminary,https://api.ipma.pt/open-data/observation/seismic/7.json,/home/runner/work/memoria-seismic-observatory/memoria-seismic-observatory/data/bronze/ipma/2026/10/09/area_7_20261009T103445Z.json,,True,,,False,,,,2026-10-09 10:34:45.293661+00:00
MEM-123F477ADB9A64FD,MEM-123F477ADB9A64FD,IPMA,2026-10-06 12:07:33+00:00,41.54,-7.177,13.0,0.6,L,0.6,L,0.6,,,,,,N  Mirandela,,,,,,high,0.92,preliminary,https://api.ipma.pt/open-data/observation/seismic/7.json,/home/runner/work/memoria-seismic-observatory/memoria-seismic-observatory/data/bronze/ipma/2026/10/09/area_7_20261009T103445Z.json,,True,,,False,,,,2026-10-09 10:34:45.293661+00:00
MEM-A5AE31993FFFB674,MEM-A5AE31993FFFB674,IPMA,2026-10-06 12:32:54+00:00,38.381,-7.938,23.0,0.3,L,0.3,L,0.3,,,,,,NE Viana do Alentejo,,,,,,high,0.92,preliminary,https://api.ipma.pt/open-data/observation/seismic/7.json,/home/runner/work/memoria-seismic-observatory/memoria-seismic-observatory/data/bronze/ipma/2026/10/09/area_7_20261009T103445Z.json,,True,,,False,,,,2026-10-09 10:34:45.293661+00:00
MEM-0C44E1BA286B601B,MEM-0C44E1BA286B601B,IPMA,2026-10-06 12:56:27+00:00,38.671,-8.407,4.0,0.1,L,0.1,L,0.1,,,,,,E  Vendas Novas,,,,,,high,0.92,preliminary,https://api.ipma.pt/open-data/observation/seismic/7.json,/home/runner/work/memoria-seismic-observatory/memoria-seismic-observatory/data/bronze/ipma/2026/10/09/area_7_20261009T103445Z.json,,True,,,False,,,,2026-10-09 10:34:45.293661+00:00
MEM-5A5CD79055885268,MEM-5A5CD79055885268,IPMA,2026-10-06 19:19:43+00:00,38.488,-7.898,14.0,0.6,L,0.6,L,0.6,,,,,,SE Evora,,,,,,high,0.92,preliminary,https://api.ipma.pt/open-data/observation/seismic/7.json,/home/runner/work/memoria-seismic-observatory/memoria-seismic-observatory/data/bronze/ipma/2026/10/09/area_7_20261009T103445Z.json,,True,,,False,,,,2026-10-09 10:34:45.293661+00:00
MEM-DDE45111DE83087C,MEM-DDE45111DE83087C,IPMA,2026-10-07 03:45:05+00:00,41.896,-7.171,13.0,0.2,L,0.2,L,0.2,,,,,,NW Vinhais,,,,,,high,0.92,preliminary,https://api.ipma.pt/open-data/observation/seismic/7.json,/home/runner/work/memoria-seismic-observatory/memoria-seismic-observatory/data/bronze/ipma/2026/10/09/area_7_20261009T103445Z.json,,True,,,False,,,,2026-10-09 10:34:45.293661+00:00
MEM-BD20106B37F450C2,MEM-BD20106B37F450C2,IPMA,2026-10-07 09:46:37+00:00,36.794,-8.118,33.0,0.9,L,0.9,L,0.9,,,,,,SW Faro,,,,,,high,0.92,preliminary,https://api.ipma.pt/open-data/observation/seismic/7.json,/home/runner/work/memoria-seismic-observatory/memoria-seismic-observatory/data/bronze/ipma/2026/10/09/area_7_20261009T103445Z.json,,True,,,False,,,,2026-10-09 10:34:45.293661+00:00
MEM-2E3F4AA0F0F58114,MEM-2E3F4AA0F0F58114,IPMA,2026-10-07 11:29:04+00:00,36.993,-8.24,3.0,0.9,L,0.9,L,0.9,,,,,,SE Albufeira,,,,,,high,0.92,preliminary,https://api.ipma.pt/open-data/observation/seismic/7.json,/home/runner/work/memoria-seismic-observatory/memoria-seismic-observatory/data/bronze/ipma/2026/10/09/area_7_20261009T103445Z.json,,True,,,False,,,,2026-10-09 10:34:45.293661+00:00
MEM-053474B2EB340C4C,MEM-053474B2EB340C4C,IPMA,2026-10-07 19:33:47+00:00,37.317,-8.578,12.0,0.7,L,0.7,L,0.7,,,,,,W  Monchique,,,,,,high,0.92,preliminary,https://api.ipma.pt/open-data/observation/seismic/7.json,/home/runner/work/memoria-seismic-observatory/memoria-seismic-observatory/data/bronze/ipma/2026/10/09/area_7_20261009T103445Z.json,,True,,,False,,,,2026-10-09 10:34:45.293661+00:00
MEM-8FF6FF6C72277A55,MEM-8FF6FF6C72277A55,IPMA,2026-10-08 03:43:49+00:00,37.586,-9.058,19.0,0.4,L,0.4,L,0.4,,,,,,W  Odemira,,,,,,high,0.92,preliminary,https://api.ipma.pt/open-data/observation/seismic/7.json,/home/runner/work/memoria-seismic-observatory/memoria-seismic-observatory/data/bronze/ipma/2026/10/09/area_7_20261009T103445Z.json,,True,,,False,,,,2026-10-09 10:34:45.293661+00:00
MEM-195CC888FECED699,MEM-195CC888FECED699,IPMA,2026-10-08 05:15:27+00:00,42.055,-8.123,16.0,0.2,L,0.2,L,0.2,,,,,,SE Melgaço,,,,,,high,0.92,preliminary,https://api.ipma.pt/open-data/observation/seismic/7.json,/home/runner/work/memoria-seismic-observatory/memoria-seismic-observatory/data/bronze/ipma/2026/10/09/area_7_20261009T103445Z.json,,True,,,False,,,,2026-10-09 10:34:45.293661+00:00
MEM-EEA3D6DA578C8180,MEM-EEA3D6DA578C8180,IPMA,2026-10-08 18:44:32+00:00,41.988,-7.947,14.0,0.8,L,0.8,L,0.8,,,,,,NW Montalegre,,,,,,high,0.92,preliminary,https://api.ipma.pt/open-data/observation/seismic/7.json,/home/runner/work/memoria-seismic-observatory/memoria-seismic-observatory/data/bronze/ipma/2026/10/09/area_7_20261009T103445Z.json,,True,,,False,,,,2026-10-09 10:34:45.293661+00:00
MEM-1C5C29867F0AB0C9,MEM-1C5C29867F0AB0C9,IPMA,2026-10-09 01:46:51+00:00,38.776,-8.403,19.0,0.2,L,0.2,L,0.2,,,,,,NE Vendas Novas,,,,,,high,0.92,preliminary,https://api.ipma.pt/open-data/observation/seismic/7.json,/home/runner/work/memoria-seismic-observatory/memoria-seismic-observatory/data/bronze/ipma/2026/10/09/area_7_20261009T103445Z.json,,True,,,False,,,,2026-10-09 10:34:45.293661+00:00
MEM-3125E6814A94A091,MEM-3125E6814A94A091,IPMA,2026-09-09 11:57:31+00:00,36.688,-7.88,5.0,1.4,L,1.4,L,1.4,,,,,,Golfo de Cádiz,,,,,,high,0.92,preliminary,https://api.ipma.pt/open-data/observation/seismic/7.json,/home/runner/work/memoria-seismic-observatory/memoria-seismic-observatory/data/bronze/ipma/2026/10/09/area_7_20261009T103445Z.json,,True,,,False,,,,2026-10-09 10:34:45.293661+00:00
MEM-7B1771BC53E9126E,MEM-7B1771BC53E9126E,IPMA,2026-09-10 03:55:40+00:00,36.85,-9.332,25.0,1.1,L,1.1,L,1.1,,,,,,SW Cabo S.Vicente,,,,,,high,0.92,preliminary,https://api.ipma.pt/open-data/observation/seismic/7.json,/home/runner/work/memoria-seismic-observatory/memoria-seismic-observatory/data/bronze/ipma/2026/10/09/area_7_20261009T103445Z.json,,True,,,False,,,,2026-10-09 10:34:45.293661+00:00
MEM-BFCB37D96A837A04,MEM-BFCB37D96A837A04,IPMA,2026-09-10 10:46:19+00:00,32.852,-16.618,33.0,1.6,L,1.6,L,1.6,,,,,,NE Machico (Madeira),,,,,,high,0.92,preliminary,https://api.ipma.pt/open-data/observation/seismic/7.json,/home/runner/work/memoria-seismic-observatory/memoria-seismic-observatory/data/bronze/ipma/2026/10/09/area_7_20261009T103445Z.json,,True,,,False,,,,2026-10-09 10:34:45.293661+00:00
MEM-138232179F7A526F,MEM-138232179F7A526F,IPMA,2026-09-10 12:09:50+00:00,36.1,-10.425,25.0,1.8,L,1.8,L,1.8,,,,,,Gorringe,,,,,,high,0.92,preliminary,https://api.ipma.pt/open-data/observation/seismic/7.json,/home/runner/work/memoria-seismic-observatory/memoria-seismic-observatory/data/bronze/ipma/2026/10/09/area_7_20261009T103445Z.json,,True,,,False,,,,2026-10-09 10:34:45.293661+00:00
MEM-8BF8167C9E38D970,MEM-8BF8167C9E38D970,IPMA,2026-09-10 15:28:28+00:00,36.839,-8.596,11.0,1.1,L,1.1,L,1.1,,,,,,SE Lagos,,,,,,high,0.92,preliminary,https://api.ipma.pt/open-data/observation/seismic/7.json,/home/runner/work/memoria-seismic-observatory/memoria-seismic-observatory/data/bronze/ipma/2026/10/09/area_7_20261009T103445Z.json,,True,,,False,,,,2026-10-09 10:34:45.293661+00:00
MEM-3CAA367D9C85BC26,MEM-3CAA367D9C85BC26,IPMA,2026-09-10 18:45:10+00:00,36.684,-8.088,20.0,1.5,L,1.5,L,1.5,,,,,,SW Faro,,,,,,high,0.92,preliminary,https://api.ipma.pt/open-data/observation/seismic/7.json,/home/runner/work/memoria-seismic-observatory/memoria-seismic-observatory/data/bronze/ipma/2026/10/09/area_7_20261009T103445Z.json,,True,,,False,,,,2026-10-09 10:34:45.293661+00:00
MEM-6F6AE8FCA17B40B1,MEM-6F6AE8FCA17B40B1,IPMA,2026-09-10 22:47:07+00:00,35.159,-4.648,31.0,1.6,L,1.6,L,1.6,,,,,,W  Al Hoceima (MARR),,,,,,high,0.92,preliminary,https://api.ipma.pt/open-data/observation/seismic/7.json,/home/runner/work/memoria-seismic-observatory/memoria-seismic-observatory/data/bronze/ipma/2026/10/09/area_7_20261009T103445Z.json,,True,,,False,,,,2026-10-09 10:34:45.293661+00:00
MEM-E8328AD03B0242DF,MEM-E8328AD03B0242DF,IPMA,2026-09-10 23:03:36+00:00,42.155,-7.146,1.0,1.0,L,1.0,L,1.0,,,,,,NW Vinhais,,,,,,high,0.92,preliminary,https://api.ipma.pt/open-data/observation/seismic/7.json,/home/runner/work/memoria-seismic-observatory/memoria-seismic-observatory/data/bronze/ipma/2026/10/09/area_7_20261009T103445Z.json,,True,,,False,,,,2026-10-09 10:34:45.293661+00:00
MEM-158F60994E7680AA,MEM-158F60994E7680AA,IPMA,2026-09-11 04:39:25+00:00,33.496,-6.254,31.0,1.5,L,1.5,L,1.5,,,,,,SE Rabat (MARR),,,,,,high,0.92,preliminary,https://api.ipma.pt/open-data/observation/seismic/7.json,/home/runner/work/memoria-seismic-observatory/memoria-seismic-observatory/data/bronze/ipma/2026/10/09/area_7_20261009T103445Z.json,,True,,,False,,,,2026-10-09 10:34:45.293661+00:00
MEM-E2B3C6EF4D8E0966,MEM-E2B3C6EF4D8E0966,IPMA,2026-09-11 18:17:16+00:00,36.566,-8.295,13.0,1.0,L,1.0,L,1.0,,,,,,S  Albufeira,,,,,,high,0.92,preliminary,https://api.ipma.pt/open-data/observation/seismic/7.json,/home/runner/work/memoria-seismic-observatory/memoria-seismic-observatory/data/bronze/ipma/2026/10/09/area_7_20261009T103445Z.json,,True,,,False,,,,2026-10-09 10:34:45.293661+00:00
MEM-06318AFD97E73506,MEM-06318AFD97E73506,IPMA,2026-09-12 02:59:57+00:00,36.995,-14.6,10.0,1.9,L,1.9,L,1.9,,,,,,Josephine,,,,,,high,0.92,preliminary,https://api.ipma.pt/open-data/observation/seismic/7.json,/home/runner/work/memoria-seismic-observatory/memoria-seismic-observatory/data/bronze/ipma/2026/10/09/area_7_20261009T103445Z.json,,True,,,False,,,,2026-10-09 10:34:45.293661+00:00
MEM-70D4DA4F75434FB3,MEM-70D4DA4F75434FB3,IPMA,2026-09-12 14:04:51+00:00,36.171,-8.473,6.0,1.0,L,1.0,L,1.0,,,,,,SW Albufeira,,,,,,high,0.92,preliminary,https://api.ipma.pt/open-data/observation/seismic/7.json,/home/runner/work/memoria-seismic-observatory/memoria-seismic-observatory/data/bronze/ipma/2026/10/09/area_7_20261009T103445Z.json,,True,,,False,,,,2026-10-09 10:34:45.293661+00:00
MEM-93B093B6FBCC64C3,MEM-93B093B6FBCC64C3,IPMA,2026-09-12 15:16:22+00:00,33.292,-17.15,20.0,1.7,L,1.7,L,1.7,,,,,,N  Porto Moniz (Madeira),,,,,,high,0.92,preliminary,https://api.ipma.pt/open-data/observation/seismic/7.json,/home/runner/work/memoria-seismic-observatory/memoria-seismic-observatory/data/bronze/ipma/2026/10/09/area_7_20261009T103445Z.json,,True,,,False,,,,2026-10-09 10:34:45.293661+00:00
MEM-152A07092122BAE8,MEM-152A07092122BAE8,IPMA,2026-09-12 23:21:26+00:00,42.121,-7.023,0.0,1.5,L,1.5,L,1.5,,,,,,N  Vinhais,,,,,,high,0.92,preliminary,https://api.ipma.pt/open-data/observation/seismic/7.json,/home/runner/work/memoria-seismic-observatory/memoria-seismic-observatory/data/bronze/ipma/2026/10/09/area_7_20261009T103445Z.json,,True,,,False,,,,2026-10-09 10:34:45.293661+00:00
MEM-417E4B4610137E0F,MEM-417E4B4610137E0F,IPMA,2026-09-13 09:13:04+00:00,35.606,-3.768,3.0,1.9,L,1.9,L,1.9,,,,,,Alboran,,,,,,high,0.92,preliminary,https://api.ipma.pt/open-data/observation/seismic/7.json,/home/runner/work/memoria-seismic-observatory/memoria-seismic-observatory/data/bronze/ipma/2026/10/09/area_7_20261009T103445Z.json,,True,,,False,,,,2026-10-09 10:34:45.293661+00:00
MEM-B876C6C23B2C38AC,MEM-B876C6C23B2C38AC,IPMA,2026-09-13 14:01:50+00:00,37.656,-3.309,19.0,1.6,L,1.6,L,1.6,,,,,,NE Granada (ESP),,,,,,high,0.92,preliminary,https://api.ipma.pt/open-data/observation/seismic/7.json,/home/runner/work/memoria-seismic-observatory/memoria-seismic-observatory/data/bronze/ipma/2026/10/09/area_7_20261009T103445Z.json,,True,,,False,,,,2026-10-09 10:34:45.293661+00:00
MEM-CF7131CF62E64BDF,MEM-CF7131CF62E64BDF,IPMA,2026-09-13 14:53:46+00:00,36.365,-7.744,32.0,1.2,L,1.2,L,1.2,,,,,,Golfo de Cádiz,,,,,,high,0.92,preliminary,https://api.ipma.pt/open-data/observation/seismic/7.json,/home/runner/work/memoria-seismic-observatory/memoria-seismic-observatory/data/bronze/ipma/2026/10/09/area_7_20261009T103445Z.json,,True,,,False,,,,2026-10-09 10:34:45.293661+00:00
MEM-65D3A5EAC7C45938,MEM-65D3A5EAC7C45938,IPMA,2026-09-13 17:05:23+00:00,36.368,-9.841,13.0,1.6,L,1.6,L,1.6,,,,,,SW Cabo S.Vicente,,,,,,high,0.92,preliminary,https://api.ipma.pt/open-data/observation/seismic/7.json,/home/runner/work/memoria-seismic-observatory/memoria-seismic-observatory/data/bronze/ipma/2026/10/09/area_7_20261009T103445Z.json,,True,,,False,,,,2026-10-09 10:34:45.293661+00:00
MEM-CB2419C94C4570A7,MEM-CB2419C94C4570A7,IPMA,2026-09-13 17:09:38+00:00,38.516,-8.031,8.0,1.0,L,1.0,L,1.0,,,,,,SW Evora,,,,,,high,0.92,preliminary,https://api.ipma.pt/open-data/observation/seismic/7.json,/home/runner/work/memoria-seismic-observatory/memoria-seismic-observatory/data/bronze/ipma/2026/10/09/area_7_20261009T103445Z.json,,True,,,False,,,,2026-10-09 10:34:45.293661+00:00
MEM-37784556C86EFB50,MEM-37784556C86EFB50,IPMA,2026-09-14 03:15:22+00:00,37.34,-8.521,10.0,1.0,L,1.0,L,1.0,,,,,,NE Monchique,,,,,,high,0.92,preliminary,https://api.ipma.pt/open-data/observation/seismic/7.json,/home/runner/work/memoria-seismic-observatory/memoria-seismic-observatory/data/bronze/ipma/2026/10/09/area_7_20261009T103445Z.json,,True,,,False,,,,2026-10-09 10:34:45.293661+00:00
MEM-2781A5B7F5B6C5B5,MEM-2781A5B7F5B6C5B5,IPMA,2026-09-14 03:36:55+00:00,41.678,-8.451,0.0,1.2,L,1.2,L,1.2,,,,,,NW Vila Verde,,,,,,high,0.92,preliminary,https://api.ipma.pt/open-data/observation/seismic/7.json,/home/runner/work/memoria-seismic-observatory/memoria-seismic-observatory/data/bronze/ipma/2026/10/09/area_7_20261009T103445Z.json,,True,,,False,,,,2026-10-09 10:34:45.293661+00:00
MEM-17CC23E16BF6D472,MEM-17CC23E16BF6D472,IPMA,2026-09-14 13:47:13+00:00,40.325,-7.556,21.0,1.5,L,1.5,L,1.5,,,,,,NW Covilhã,,,,,,high,0.92,preliminary,https://api.ipma.pt/open-data/observation/seismic/7.json,/home/runner/work/memoria-seismic-observatory/memoria-seismic-observatory/data/bronze/ipma/2026/10/09/area_7_20261009T103445Z.json,,True,,,False,,,,2026-10-09 10:34:45.293661+00:00
MEM-11EB929A2BF88374,MEM-11EB929A2BF88374,IPMA,2026-09-14 17:20:36+00:00,37.224,-7.316,2.0,1.6,L,1.6,L,1.6,,,,,,NE V.R.Sto António,,,,,,high,0.92,preliminary,https://api.ipma.pt/open-data/observation/seismic/7.json,/home/runner/work/memoria-seismic-observatory/memoria-seismic-observatory/data/bronze/ipma/2026/10/09/area_7_20261009T103445Z.json,,True,,,False,,,,2026-10-09 10:34:45.293661+00:00
MEM-90926A041BDF9093,MEM-90926A041BDF9093,IPMA,2026-09-15 05:17:59+00:00,35.283,-4.108,9.0,1.6,L,1.6,L,1.6,,,,,,W  Al Hoceima (MARR),,,,,,high,0.92,preliminary,https://api.ipma.pt/open-data/observation/seismic/7.json,/home/runner/work/memoria-seismic-observatory/memoria-seismic-observatory/data/bronze/ipma/2026/10/09/area_7_20261009T103445Z.json,,True,,,False,,,,2026-10-09 10:34:45.293661+00:00
MEM-F1A66644770C41E8,MEM-F1A66644770C41E8,IPMA,2026-09-15 21:01:50+00:00,42.707,-7.695,6.0,1.7,L,1.7,L,1.7,,,,,,SW Lugo (ESP),,,,,,high,0.92,preliminary,https://api.ipma.pt/open-data/observation/seismic/7.json,/home/runner/work/memoria-seismic-observatory/memoria-seismic-observatory/data/bronze/ipma/2026/10/09/area_7_20261009T103445Z.json,,True,,,False,,,,2026-10-09 10:34:45.293661+00:00
MEM-EC00E170F70C3F4C,MEM-EC00E170F70C3F4C,IPMA,2026-09-15 23:20:29+00:00,38.173,-8.171,2.0,1.1,L,1.1,L,1.1,,,,,,NW Ferreira do Alentejo,,,,,,high,0.92,preliminary,https://api.ipma.pt/open-data/observation/seismic/7.json,/home/runner/work/memoria-seismic-observatory/memoria-seismic-observatory/data/bronze/ipma/2026/10/09/area_7_20261009T103445Z.json,,True,,,False,,,,2026-10-09 10:34:45.293661+00:00
MEM-DFF5A4E15554ADE3,MEM-DFF5A4E15554ADE3,IPMA,2026-09-16 00:59:48+00:00,34.398,-5.655,29.0,1.9,L,1.9,L,1.9,,,,,,NW Fez (Marr),,,,,,high,0.92,preliminary,https://api.ipma.pt/open-data/observation/seismic/7.json,/home/runner/work/memoria-seismic-observatory/memoria-seismic-observatory/data/bronze/ipma/2026/10/09/area_7_20261009T103445Z.json,,True,,,False,,,,2026-10-09 10:34:45.293661+00:00
MEM-FF6A6A15B8D9830C,MEM-FF6A6A15B8D9830C,IPMA,2026-09-16 10:08:31+00:00,36.776,-7.133,0.0,1.0,L,1.0,L,1.0,,,,,,Golfo de Cádiz,,,,,,high,0.92,preliminary,https://api.ipma.pt/open-data/observation/seismic/7.json,/home/runner/work/memoria-seismic-observatory/memoria-seismic-observatory/data/bronze/ipma/2026/10/09/area_7_20261009T103445Z.json,,True,,,False,,,,2026-10-09 10:34:45.293661+00:00
MEM-648D7A6BF19F5155,MEM-648D7A6BF19F5155,IPMA,2026-09-16 18:25:24+00:00,37.704,-9.629,5.0,1.8,L,1.8,L,1.8,,,,,,SW Sines,,,,,,high,0.92,preliminary,https://api.ipma.pt/open-data/observation/seismic/7.json,/home/runner/work/memoria-seismic-observatory/memoria-seismic-observatory/data/bronze/ipma/2026/10/09/area_7_20261009T103445Z.json,,True,,,False,,,,2026-10-09 10:34:45.293661+00:00
MEM-87A05E5679386C4B,MEM-87A05E5679386C4B,IPMA,2026-09-16 23:55:21+00:00,37.314,-8.569,13.0,1.3,L,1.3,L,1.3,,,,,,W  Monchique,,,,,,high,0.92,preliminary,https://api.ipma.pt/open-data/observation/seismic/7.json,/home/runner/work/memoria-seismic-observatory/memoria-seismic-observatory/data/bronze/ipma/2026/10/09/area_7_20261009T103445Z.json,,True,,,False,,,,2026-10-09 10:34:45.293661+00:00
MEM-3877DAC524293986,MEM-3877DAC524293986,IPMA,2026-09-17 02:53:05+00:00,36.353,-7.973,20.0,1.5,L,1.5,L,1.5,,,,,,Golfo de Cádiz,,,,,,high,0.92,preliminary,https://api.ipma.pt/open-data/observation/seismic/7.json,/home/runner/work/memoria-seismic-observatory/memoria-seismic-observatory/data/bronze/ipma/2026/10/09/area_7_20261009T103445Z.json,,True,,,False,,,,2026-10-09 10:34:45.293661+00:00
MEM-CBB65360F0877848,MEM-CBB65360F0877848,IPMA,2026-09-17 09:53:04+00:00,37.148,-9.312,29.0,1.2,L,1.2,L,1.2,,,,,,NW Cabo S.Vicente,,,,,,high,0.92,preliminary,https://api.ipma.pt/open-data/observation/seismic/7.json,/home/runner/work/memoria-seismic-observatory/memoria-seismic-observatory/data/bronze/ipma/2026/10/09/area_7_20261009T103445Z.json,,True,,,False,,,,2026-10-09 10:34:45.293661+00:00
MEM-8AD83AE74120E0AC,MEM-8AD83AE74120E0AC,IPMA,2026-09-17 11:50:58+00:00,37.703,-9.064,1.0,1.4,L,1.4,L,1.4,,,,,,SW Sines,,,,,,high,0.92,preliminary,https://api.ipma.pt/open-data/observation/seismic/7.json,/home/runner/work/memoria-seismic-observatory/memoria-seismic-observatory/data/bronze/ipma/2026/10/09/area_7_20261009T103445Z.json,,True,,,False,,,,2026-10-09 10:34:45.293661+00:00
MEM-335F4DE8D077AEFB,MEM-335F4DE8D077AEFB,IPMA,2026-09-18 00:14:15+00:00,42.357,-8.157,17.0,1.0,L,1.0,L,1.0,,,,,,W  Ourense (ESP),,,,,,high,0.92,preliminary,https://api.ipma.pt/open-data/observation/seismic/7.json,/home/runner/work/memoria-seismic-observatory/memoria-seismic-observatory/data/bronze/ipma/2026/10/09/area_7_20261009T103445Z.json,,True,,,False,,,,2026-10-09 10:34:45.293661+00:00
MEM-7DDD95A76BD995A7,MEM-7DDD95A76BD995A7,IPMA,2026-09-18 00:14:59+00:00,36.448,-8.699,13.0,1.2,L,1.2,L,1.2,,,,,,SE Cabo S.Vicente,,,,,,high,0.92,preliminary,https://api.ipma.pt/open-data/observation/seismic/7.json,/home/runner/work/memoria-seismic-observatory/memoria-seismic-observatory/data/bronze/ipma/2026/10/09/area_7_20261009T103445Z.json,,True,,,False,,,,2026-10-09 10:34:45.293661+00:00
MEM-15C6ED5AAB0EE7B3,MEM-15C6ED5AAB0EE7B3,IPMA,2026-09-18 00:15:29+00:00,34.326,-5.868,28.0,1.8,L,1.8,L,1.8,,,,,,NW Fez (Marr),,,,,,high,0.92,preliminary,https://api.ipma.pt/open-data/observation/seismic/7.json,/home/runner/work/memoria-seismic-observatory/memoria-seismic-observatory/data/bronze/ipma/2026/10/09/area_7_20261009T103445Z.json,,True,,,False,,,,2026-10-09 10:34:45.293661+00:00
MEM-3E6B219A63CBF47D,MEM-3E6B219A63CBF47D,IPMA,2026-09-18 03:14:16+00:00,36.869,-10.853,12.0,1.6,L,1.6,L,1.6,,,,,,Gorringe,,,,,,high,0.92,preliminary,https://api.ipma.pt/open-data/observation/seismic/7.json,/home/runner/work/memoria-seismic-observatory/memoria-seismic-observatory/data/bronze/ipma/2026/10/09/area_7_20261009T103445Z.json,,True,,,False,,,,2026-10-09 10:34:45.293661+00:00
MEM-DD410EE3E723A7B3,MEM-DD410EE3E723A7B3,IPMA,2026-09-18 07:16:12+00:00,36.79,-7.214,20.0,1.2,L,1.2,L,1.2,,,,,,Golfo de Cádiz,,,,,,high,0.92,preliminary,https://api.ipma.pt/open-data/observation/seismic/7.json,/home/runner/work/memoria-seismic-observatory/memoria-seismic-observatory/data/bronze/ipma/2026/10/09/area_7_20261009T103445Z.json,,True,,,False,,,,2026-10-09 10:34:45.293661+00:00
MEM-8F9CB2BFB7323082,MEM-8F9CB2BFB7323082,IPMA,2026-09-18 09:29:14+00:00,36.585,-11.218,31.0,1.6,L,1.6,L,1.6,,,,,,Gorringe,,,,,,high,0.92,preliminary,https://api.ipma.pt/open-data/observation/seismic/7.json,/home/runner/work/memoria-seismic-observatory/memoria-seismic-observatory/data/bronze/ipma/2026/10/09/area_7_20261009T103445Z.json,,True,,,False,,,,2026-10-09 10:34:45.293661+00:00
MEM-042B6FDD78666647,MEM-042B6FDD78666647,IPMA,2026-09-18 11:08:53+00:00,36.432,-3.792,5.0,1.8,L,1.8,L,1.8,,,,,,Alboran,,,,,,high,0.92,preliminary,https://api.ipma.pt/open-data/observation/seismic/7.json,/home/runner/work/memoria-seismic-observatory/memoria-seismic-observatory/data/bronze/ipma/2026/10/09/area_7_20261009T103445Z.json,,True,,,False,,,,2026-10-09 10:34:45.293661+00:00
MEM-2A6336DC936F4536,MEM-2A6336DC936F4536,IPMA,2026-09-18 18:27:08+00:00,36.893,-10.934,36.0,1.2,L,1.2,L,1.2,,,,,,Gorringe,,,,,,high,0.92,preliminary,https://api.ipma.pt/open-data/observation/seismic/7.json,/home/runner/work/memoria-seismic-observatory/memoria-seismic-observatory/data/bronze/ipma/2026/10/09/area_7_20261009T103445Z.json,,True,,,False,,,,2026-10-09 10:34:45.293661+00:00
MEM-4A4F035E37AC6ADF,MEM-4A4F035E37AC6ADF,IPMA,2026-09-18 20:23:32+00:00,37.061,-3.588,12.0,1.9,L,1.9,L,1.9,,,,,,SE Granada (ESP),,,,,,high,0.92,preliminary,https://api.ipma.pt/open-data/observation/seismic/7.json,/home/runner/work/memoria-seismic-observatory/memoria-seismic-observatory/data/bronze/ipma/2026/10/09/area_7_20261009T103445Z.json,,True,,,False,,,,2026-10-09 10:34:45.293661+00:00
MEM-9630DB4678C10022,MEM-9630DB4678C10022,IPMA,2026-09-18 22:37:56+00:00,42.764,-8.532,1.0,1.5,L,1.5,L,1.5,,,,,,S  Santiago Compostela (E,,,,,,high,0.92,preliminary,https://api.ipma.pt/open-data/observation/seismic/7.json,/home/runner/work/memoria-seismic-observatory/memoria-seismic-observatory/data/bronze/ipma/2026/10/09/area_7_20261009T103445Z.json,,True,,,False,,,,2026-10-09 10:34:45.293661+00:00
MEM-BF82ABBABD8AD3EE,MEM-BF82ABBABD8AD3EE,IPMA,2026-09-18 23:04:02+00:00,34.283,-5.773,26.0,1.7,L,1.7,L,1.7,,,,,,NW Fez (Marr),,,,,,high,0.92,preliminary,https://api.ipma.pt/open-data/observation/seismic/7.json,/home/runner/work/memoria-seismic-observatory/memoria-seismic-observatory/data/bronze/ipma/2026/10/09/area_7_20261009T103445Z.json,,True,,,False,,,,2026-10-09 10:34:45.293661+00:00
MEM-89955838D3ABD004,MEM-89955838D3ABD004,IPMA,2026-09-19 02:42:04+00:00,37.131,-5.203,15.0,1.5,L,1.5,L,1.5,,,,,,SE Sevilha (ESP),,,,,,high,0.92,preliminary,https://api.ipma.pt/open-data/observation/seismic/7.json,/home/runner/work/memoria-seismic-observatory/memoria-seismic-observatory/data/bronze/ipma/2026/10/09/area_7_20261009T103445Z.json,,True,,,False,,,,2026-10-09 10:34:45.293661+00:00
MEM-DA3274A6A6ED07A9,MEM-DA3274A6A6ED07A9,IPMA,2026-09-19 07:27:35+00:00,39.465,-9.293,11.0,1.1,L,1.1,L,1.1,,,,,,NE Peniche,,,,,,high,0.92,preliminary,https://api.ipma.pt/open-data/observation/seismic/7.json,/home/runner/work/memoria-seismic-observatory/memoria-seismic-observatory/data/bronze/ipma/2026/10/09/area_7_20261009T103445Z.json,,True,,,False,,,,2026-10-09 10:34:45.293661+00:00
MEM-58C97EC9C09E7B58,MEM-58C97EC9C09E7B58,IPMA,2026-09-19 11:51:52+00:00,36.891,-10.97,29.0,1.8,L,1.8,L,1.8,,,,,,Gorringe,,,,,,high,0.92,preliminary,https://api.ipma.pt/open-data/observation/seismic/7.json,/home/runner/work/memoria-seismic-observatory/memoria-seismic-observatory/data/bronze/ipma/2026/10/09/area_7_20261009T103445Z.json,,True,,,False,,,,2026-10-09 10:34:45.293661+00:00
MEM-9CB20C4136D51B42,MEM-9CB20C4136D51B42,IPMA,2026-09-19 14:44:59+00:00,36.6,-7.627,13.0,1.1,L,1.1,L,1.1,,,,,,Golfo de Cádiz,,,,,,high,0.92,preliminary,https://api.ipma.pt/open-data/observation/seismic/7.json,/home/runner/work/memoria-seismic-observatory/memoria-seismic-observatory/data/bronze/ipma/2026/10/09/area_7_20261009T103445Z.json,,True,,,False,,,,2026-10-09 10:34:45.293661+00:00
MEM-B5165EAAA22F41A5,MEM-B5165EAAA22F41A5,IPMA,2026-09-19 16:22:55+00:00,36.886,-9.855,23.0,1.2,L,1.2,L,1.2,,,,,,SW Cabo S.Vicente,,,,,,high,0.92,preliminary,https://api.ipma.pt/open-data/observation/seismic/7.json,/home/runner/work/memoria-seismic-observatory/memoria-seismic-observatory/data/bronze/ipma/2026/10/09/area_7_20261009T103445Z.json,,True,,,False,,,,2026-10-09 10:34:45.293661+00:00
MEM-8D8A8939880E02F2,MEM-8D8A8939880E02F2,IPMA,2026-09-20 02:08:56+00:00,36.075,-10.812,31.0,1.8,L,1.8,L,1.8,,,,,,Gorringe,,,,,,high,0.92,preliminary,https://api.ipma.pt/open-data/observation/seismic/7.json,/home/runner/work/memoria-seismic-observatory/memoria-seismic-observatory/data/bronze/ipma/2026/10/09/area_7_20261009T103445Z.json,,True,,,False,,,,2026-10-09 10:34:45.293661+00:00
MEM-D5A7E907F7DA08FF,MEM-D5A7E907F7DA08FF,IPMA,2026-09-20 02:13:28+00:00,35.1,-5.142,29.0,1.6,L,1.6,L,1.6,,,,,,SE Tetuan (MARR),,,,,,high,0.92,preliminary,https://api.ipma.pt/open-data/observation/seismic/7.json,/home/runner/work/memoria-seismic-observatory/memoria-seismic-observatory/data/bronze/ipma/2026/10/09/area_7_20261009T103445Z.json,,True,,,False,,,,2026-10-09 10:34:45.293661+00:00
MEM-28AB0D005AB977D2,MEM-28AB0D005AB977D2,IPMA,2026-09-20 04:21:57+00:00,35.863,-7.457,31.0,1.8,L,1.8,L,1.8,,,,,,Mar de Marrocos,,,,,,high,0.92,preliminary,https://api.ipma.pt/open-data/observation/seismic/7.json,/home/runner/work/memoria-seismic-observatory/memoria-seismic-observatory/data/bronze/ipma/2026/10/09/area_7_20261009T103445Z.json,,True,,,False,,,,2026-10-09 10:34:45.293661+00:00
MEM-60EC9EE8C0CFFDEA,MEM-60EC9EE8C0CFFDEA,IPMA,2026-09-20 06:35:46+00:00,35.136,-6.117,46.0,1.7,L,1.7,L,1.7,,,,,,Costa de Marrocos,,,,,,high,0.92,preliminary,https://api.ipma.pt/open-data/observation/seismic/7.json,/home/runner/work/memoria-seismic-observatory/memoria-seismic-observatory/data/bronze/ipma/2026/10/09/area_7_20261009T103445Z.json,,True,,,False,,,,2026-10-09 10:34:45.293661+00:00
MEM-0DA06B84E87BEC31,MEM-0DA06B84E87BEC31,IPMA,2026-09-20 08:57:20+00:00,36.859,-8.643,7.0,1.0,L,1.0,L,1.0,,,,,,S  Lagos,,,,,,high,0.92,preliminary,https://api.ipma.pt/open-data/observation/seismic/7.json,/home/runner/work/memoria-seismic-observatory/memoria-seismic-observatory/data/bronze/ipma/2026/10/09/area_7_20261009T103445Z.json,,True,,,False,,,,2026-10-09 10:34:45.293661+00:00
MEM-9480331B9CA66FA1,MEM-9480331B9CA66FA1,IPMA,2026-09-20 14:40:20+00:00,38.557,-9.135,7.0,1.9,L,1.9,L,1.9,,,,,,SW Seixal,,,,,,high,0.92,preliminary,https://api.ipma.pt/open-data/observation/seismic/7.json,/home/runner/work/memoria-seismic-observatory/memoria-seismic-observatory/data/bronze/ipma/2026/10/09/area_7_20261009T103445Z.json,,True,,,False,,,,2026-10-09 10:34:45.293661+00:00
MEM-B9D0EA5E4F55E09E,MEM-B9D0EA5E4F55E09E,IPMA,2026-09-21 01:54:13+00:00,36.02,-6.549,9.0,1.5,L,1.5,L,1.5,,,,,,Golfo de Cádiz,,,,,,high,0.92,preliminary,https://api.ipma.pt/open-data/observation/seismic/7.json,/home/runner/work/memoria-seismic-observatory/memoria-seismic-observatory/data/bronze/ipma/2026/10/09/area_7_20261009T103445Z.json,,True,,,False,,,,2026-10-09 10:34:45.293661+00:00
MEM-90FC326A45175419,MEM-90FC326A45175419,IPMA,2026-09-21 07:30:48+00:00,41.898,-7.172,8.0,1.7,L,1.7,L,1.7,,,,,,NW Vinhais,,,,,,high,0.92,preliminary,https://api.ipma.pt/open-data/observation/seismic/7.json,/home/runner/work/memoria-seismic-observatory/memoria-seismic-observatory/data/bronze/ipma/2026/10/09/area_7_20261009T103445Z.json,,True,,,False,,,,2026-10-09 10:34:45.293661+00:00
MEM-3C5CCD26CAF7B103,MEM-3C5CCD26CAF7B103,IPMA,2026-09-21 23:28:55+00:00,36.771,-7.158,1.0,1.3,L,1.3,L,1.3,,,,,,Golfo de Cádiz,,,,,,high,0.92,preliminary,https://api.ipma.pt/open-data/observation/seismic/7.json,/home/runner/work/memoria-seismic-observatory/memoria-seismic-observatory/data/bronze/ipma/2026/10/09/area_7_20261009T103445Z.json,,True,,,False,,,,2026-10-09 10:34:45.293661+00:00
MEM-6B7DD885A814C685,MEM-6B7DD885A814C685,IPMA,2026-09-21 23:39:31+00:00,36.771,-7.114,1.0,1.0,L,1.0,L,1.0,,,,,,Golfo de Cádiz,,,,,,high,0.92,preliminary,https://api.ipma.pt/open-data/observation/seismic/7.json,/home/runner/work/memoria-seismic-observatory/memoria-seismic-observatory/data/bronze/ipma/2026/10/09/area_7_20261009T103445Z.json,,True,,,False,,,,2026-10-09 10:34:45.293661+00:00
MEM-196FCD7885A0DCC6,MEM-196FCD7885A0DCC6,IPMA,2026-09-22 01:34:37+00:00,36.648,-9.778,16.0,1.3,L,1.3,L,1.3,,,,,,SW Cabo S.Vicente,,,,,,high,0.92,preliminary,https://api.ipma.pt/open-data/observation/seismic/7.json,/home/runner/work/memoria-seismic-observatory/memoria-seismic-observatory/data/bronze/ipma/2026/10/09/area_7_20261009T103445Z.json,,True,,,False,,,,2026-10-09 10:34:45.293661+00:00
MEM-2961C604F742625F,MEM-2961C604F742625F,IPMA,2026-09-22 02:01:53+00:00,36.654,-9.784,16.0,1.7,L,1.7,L,1.7,,,,,,SW Cabo S.Vicente,,,,,,high,0.92,preliminary,https://api.ipma.pt/open-data/observation/seismic/7.json,/home/runner/work/memoria-seismic-observatory/memoria-seismic-observatory/data/bronze/ipma/2026/10/09/area_7_20261009T103445Z.json,,True,,,False,,,,2026-10-09 10:34:45.293661+00:00
MEM-4AD073D8EB12D8A6,MEM-4AD073D8EB12D8A6,IPMA,2026-09-22 02:58:31+00:00,35.63,-4.725,45.0,1.7,L,1.7,L,1.7,,,,,,Alboran,,,,,,high,0.92,preliminary,https://api.ipma.pt/open-data/observation/seismic/7.json,/home/runner/work/memoria-seismic-observatory/memoria-seismic-observatory/data/bronze/ipma/2026/10/09/area_7_20261009T103445Z.json,,True,,,False,,,,2026-10-09 10:34:45.293661+00:00
MEM-1C720B9801225C90,MEM-1C720B9801225C90,IPMA,2026-09-22 03:46:57+00:00,36.417,-9.184,15.0,1.3,L,1.3,L,1.3,,,,,,SW Cabo S.Vicente,,,,,,high,0.92,preliminary,https://api.ipma.pt/open-data/observation/seismic/7.json,/home/runner/work/memoria-seismic-observatory/memoria-seismic-observatory/data/bronze/ipma/2026/10/09/area_7_20261009T103445Z.json,,True,,,False,,,,2026-10-09 10:34:45.293661+00:00
MEM-1807B1E2A334890D,MEM-1807B1E2A334890D,IPMA,2026-09-22 03:56:57+00:00,41.899,-7.184,1.0,1.0,L,1.0,L,1.0,,,,,,NW Vinhais,,,,,,high,0.92,preliminary,https://api.ipma.pt/open-data/observation/seismic/7.json,/home/runner/work/memoria-seismic-observatory/memoria-seismic-observatory/data/bronze/ipma/2026/10/09/area_7_20261009T103445Z.json,,True,,,False,,,,2026-10-09 10:34:45.293661+00:00
MEM-4067A7EAC88ECE84,MEM-4067A7EAC88ECE84,IPMA,2026-09-22 07:51:07+00:00,36.046,-4.259,25.0,1.9,L,1.9,L,1.9,,,,,,Alboran,,,,,,high,0.92,preliminary,https://api.ipma.pt/open-data/observation/seismic/7.json,/home/runner/work/memoria-seismic-observatory/memoria-seismic-observatory/data/bronze/ipma/2026/10/09/area_7_20261009T103445Z.json,,True,,,False,,,,2026-10-09 10:34:45.293661+00:00
MEM-4D4E1B9FA93FA816,MEM-4D4E1B9FA93FA816,IPMA,2026-09-22 15:55:39+00:00,36.787,-7.02,13.0,1.0,L,1.0,L,1.0,,,,,,Golfo de Cádiz,,,,,,high,0.92,preliminary,https://api.ipma.pt/open-data/observation/seismic/7.json,/home/runner/work/memoria-seismic-observatory/memoria-seismic-observatory/data/bronze/ipma/2026/10/09/area_7_20261009T103445Z.json,,True,,,False,,,,2026-10-09 10:34:45.293661+00:00
MEM-8EBB5A4BC5AA9526,MEM-8EBB5A4BC5AA9526,IPMA,2026-09-22 18:41:18+00:00,36.611,-11.369,31.0,1.4,L,1.4,L,1.4,,,,,,Gorringe,,,,,,high,0.92,preliminary,https://api.ipma.pt/open-data/observation/seismic/7.json,/home/runner/work/memoria-seismic-observatory/memoria-seismic-observatory/data/bronze/ipma/2026/10/09/area_7_20261009T103445Z.json,,True,,,False,,,,2026-10-09 10:34:45.293661+00:00
MEM-9CED4733ADB52ECB,MEM-9CED4733ADB52ECB,IPMA,2026-09-22 22:40:48+00:00,41.195,-7.521,3.0,1.3,L,1.3,L,1.3,,,,,,SW Alijó,,,,,,high,0.92,preliminary,https://api.ipma.pt/open-data/observation/seismic/7.json,/home/runner/work/memoria-seismic-observatory/memoria-seismic-observatory/data/bronze/ipma/2026/10/09/area_7_20261009T103445Z.json,,True,,,False,,,,2026-10-09 10:34:45.293661+00:00
MEM-0F1B82A352C10C1F,MEM-0F1B82A352C10C1F,IPMA,2026-09-23 14:52:55+00:00,37.039,-4.795,14.0,1.5,L,1.5,L,1.5,,,,,,NW Malaga (ESP),,,,,,high,0.92,preliminary,https://api.ipma.pt/open-data/observation/seismic/7.json,/home/runner/work/memoria-seismic-observatory/memoria-seismic-observatory/data/bronze/ipma/2026/10/09/area_7_20261009T103445Z.json,,True,,,False,,,,2026-10-09 10:34:45.293661+00:00
MEM-A43922533FEB18F7,MEM-A43922533FEB18F7,IPMA,2026-09-24 05:28:11+00:00,34.312,-5.855,22.0,1.8,L,1.8,L,1.8,,,,,,NW Fez (Marr),,,,,,high,0.92,preliminary,https://api.ipma.pt/open-data/observation/seismic/7.json,/home/runner/work/memoria-seismic-observatory/memoria-seismic-observatory/data/bronze/ipma/2026/10/09/area_7_20261009T103445Z.json,,True,,,False,,,,2026-10-09 10:34:45.293661+00:00
MEM-0A27E37ADBD48061,MEM-0A27E37ADBD48061,IPMA,2026-09-24 13:31:02+00:00,36.668,-7.668,20.0,1.3,L,1.3,L,1.3,,,,,,Golfo de Cádiz,,,,,,high,0.92,preliminary,https://api.ipma.pt/open-data/observation/seismic/7.json,/home/runner/work/memoria-seismic-observatory/memoria-seismic-observatory/data/bronze/ipma/2026/10/09/area_7_20261009T103445Z.json,,True,,,False,,,,2026-10-09 10:34:45.293661+00:00
MEM-6865474DB0B093DA,MEM-6865474DB0B093DA,IPMA,2026-09-24 15:09:45+00:00,35.927,-4.792,31.0,1.7,L,1.7,L,1.7,,,,,,Alboran,,,,,,high,0.92,preliminary,https://api.ipma.pt/open-data/observation/seismic/7.json,/home/runner/work/memoria-seismic-observatory/memoria-seismic-observatory/data/bronze/ipma/2026/10/09/area_7_20261009T103445Z.json,,True,,,False,,,,2026-10-09 10:34:45.293661+00:00
MEM-F5C9FF7AFF9BC68B,MEM-F5C9FF7AFF9BC68B,IPMA,2026-09-24 16:19:50+00:00,37.096,-9.248,28.0,1.6,L,1.6,L,1.6,,,,,,NW Cabo S.Vicente,,,,,,high,0.92,preliminary,https://api.ipma.pt/open-data/observation/seismic/7.json,/home/runner/work/memoria-seismic-observatory/memoria-seismic-observatory/data/bronze/ipma/2026/10/09/area_7_20261009T103445Z.json,,True,,,False,,,,2026-10-09 10:34:45.293661+00:00
MEM-634BED2389FDDDEB,MEM-634BED2389FDDDEB,IPMA,2026-09-25 04:19:00+00:00,33.389,-17.718,12.0,1.7,L,1.7,L,1.7,,,,,,NW Porto Moniz (Madeira),,,,,,high,0.92,preliminary,https://api.ipma.pt/open-data/observation/seismic/7.json,/home/runner/work/memoria-seismic-observatory/memoria-seismic-observatory/data/bronze/ipma/2026/10/09/area_7_20261009T103445Z.json,,True,,,False,,,,2026-10-09 10:34:45.293661+00:00
MEM-95BDC2074232DE61,MEM-95BDC2074232DE61,IPMA,2026-09-25 06:31:36+00:00,37.042,-4.776,14.0,1.6,L,1.6,L,1.6,,,,,,NW Malaga (ESP),,,,,,high,0.92,preliminary,https://api.ipma.pt/open-data/observation/seismic/7.json,/home/runner/work/memoria-seismic-observatory/memoria-seismic-observatory/data/bronze/ipma/2026/10/09/area_7_20261009T103445Z.json,,True,,,False,,,,2026-10-09 10:34:45.293661+00:00
MEM-8781C7ABB9197116,MEM-8781C7ABB9197116,IPMA,2026-09-25 10:03:31+00:00,36.76,-9.698,16.0,1.4,L,1.4,L,1.4,,,,,,SW Cabo S.Vicente,,,,,,high,0.92,preliminary,https://api.ipma.pt/open-data/observation/seismic/7.json,/home/runner/work/memoria-seismic-observatory/memoria-seismic-observatory/data/bronze/ipma/2026/10/09/area_7_20261009T103445Z.json,,True,,,False,,,,2026-10-09 10:34:45.293661+00:00
MEM-6428AFB98E311BD8,MEM-6428AFB98E311BD8,IPMA,2026-09-25 13:37:25+00:00,36.374,-9.844,27.0,1.7,L,1.7,L,1.7,,,,,,SW Cabo S.Vicente,,,,,,high,0.92,preliminary,https://api.ipma.pt/open-data/observation/seismic/7.json,/home/runner/work/memoria-seismic-observatory/memoria-seismic-observatory/data/bronze/ipma/2026/10/09/area_7_20261009T103445Z.json,,True,,,False,,,,2026-10-09 10:34:45.293661+00:00
MEM-482000D6EE31A8F1,MEM-482000D6EE31A8F1,IPMA,2026-09-25 14:06:06+00:00,42.167,-8.185,25.0,1.0,L,1.0,L,1.0,,,,,,NE Melgaço,,,,,,high,0.92,preliminary,https://api.ipma.pt/open-data/observation/seismic/7.json,/home/runner/work/memoria-seismic-observatory/memoria-seismic-observatory/data/bronze/ipma/2026/10/09/area_7_20261009T103445Z.json,,True,,,False,,,,2026-10-09 10:34:45.293661+00:00
MEM-3B20CC900E0882E7,MEM-3B20CC900E0882E7,IPMA,2026-09-25 14:07:42+00:00,42.21,-8.127,24.0,1.4,L,1.4,L,1.4,,,,,,NE Melgaço,,,,,,high,0.92,preliminary,https://api.ipma.pt/open-data/observation/seismic/7.json,/home/runner/work/memoria-seismic-observatory/memoria-seismic-observatory/data/bronze/ipma/2026/10/09/area_7_20261009T103445Z.json,,True,,,False,,,,2026-10-09 10:34:45.293661+00:00
MEM-B6F0E9F729647D0B,MEM-B6F0E9F729647D0B,IPMA,2026-09-25 15:26:28+00:00,37.15,-3.65,1.0,1.7,L,1.7,L,1.7,,,,,,NW Granada (ESP),,,,,,high,0.92,preliminary,https://api.ipma.pt/open-data/observation/seismic/7.json,/home/runner/work/memoria-seismic-observatory/memoria-seismic-observatory/data/bronze/ipma/2026/10/09/area_7_20261009T103445Z.json,,True,,,False,,,,2026-10-09 10:34:45.293661+00:00
MEM-5B57BFF3FFD167A8,MEM-5B57BFF3FFD167A8,IPMA,2026-09-25 16:40:04+00:00,36.58,-11.102,26.0,1.7,L,1.7,L,1.7,,,,,,Gorringe,,,,,,high,0.92,preliminary,https://api.ipma.pt/open-data/observation/seismic/7.json,/home/runner/work/memoria-seismic-observatory/memoria-seismic-observatory/data/bronze/ipma/2026/10/09/area_7_20261009T103445Z.json,,True,,,False,,,,2026-10-09 10:34:45.293661+00:00
MEM-D30799AF294CC62D,MEM-D30799AF294CC62D,IPMA,2026-09-25 19:11:24+00:00,32.548,-16.641,10.0,1.4,L,1.4,L,1.4,,,,,,NW Desertas (Madeira),,,,,,high,0.92,preliminary,https://api.ipma.pt/open-data/observation/seismic/7.json,/home/runner/work/memoria-seismic-observatory/memoria-seismic-observatory/data/bronze/ipma/2026/10/09/area_7_20261009T103445Z.json,,True,,,False,,,,2026-10-09 10:34:45.293661+00:00
MEM-C164ACD3CDD9CAAF,MEM-C164ACD3CDD9CAAF,IPMA,2026-09-26 02:26:19+00:00,36.615,-11.126,30.0,1.6,L,1.6,L,1.6,,,,,,Gorringe,,,,,,high,0.92,preliminary,https://api.ipma.pt/open-data/observation/seismic/7.json,/home/runner/work/memoria-seismic-observatory/memoria-seismic-observatory/data/bronze/ipma/2026/10/09/area_7_20261009T103445Z.json,,True,,,False,,,,2026-10-09 10:34:45.293661+00:00
MEM-3D54A42E50BD4D86,MEM-3D54A42E50BD4D86,IPMA,2026-09-26 13:48:23+00:00,41.43,-5.794,3.0,1.0,L,1.0,L,1.0,,,,,,SW Zamora (ESP),,,,,,high,0.92,preliminary,https://api.ipma.pt/open-data/observation/seismic/7.json,/home/runner/work/memoria-seismic-observatory/memoria-seismic-observatory/data/bronze/ipma/2026/10/09/area_7_20261009T103445Z.json,,True,,,False,,,,2026-10-09 10:34:45.293661+00:00
MEM-108F76745006CEC7,MEM-108F76745006CEC7,IPMA,2026-09-26 17:10:55+00:00,36.25,-7.639,6.0,1.7,L,1.7,L,1.7,,,,,,Golfo de Cádiz,,,,,,high,0.92,preliminary,https://api.ipma.pt/open-data/observation/seismic/7.json,/home/runner/work/memoria-seismic-observatory/memoria-seismic-observatory/data/bronze/ipma/2026/10/09/area_7_20261009T103445Z.json,,True,,,False,,,,2026-10-09 10:34:45.293661+00:00
MEM-1F8B75E25E1162A2,MEM-1F8B75E25E1162A2,IPMA,2026-09-26 19:43:59+00:00,37.092,-3.622,12.0,1.7,L,1.7,L,1.7,,,,,,SW Granada (ESP),,,,,,high,0.92,preliminary,https://api.ipma.pt/open-data/observation/seismic/7.json,/home/runner/work/memoria-seismic-observatory/memoria-seismic-observatory/data/bronze/ipma/2026/10/09/area_7_20261009T103445Z.json,,True,,,False,,,,2026-10-09 10:34:45.293661+00:00
MEM-AA800352D92ABAB3,MEM-AA800352D92ABAB3,IPMA,2026-09-26 20:25:11+00:00,36.593,-11.052,10.0,1.6,L,1.6,L,1.6,,,,,,Gorringe,,,,,,high,0.92,preliminary,https://api.ipma.pt/open-data/observation/seismic/7.json,/home/runner/work/memoria-seismic-observatory/memoria-seismic-observatory/data/bronze/ipma/2026/10/09/area_7_20261009T103445Z.json,,True,,,False,,,,2026-10-09 10:34:45.293661+00:00
MEM-78480C2660334CCC,MEM-78480C2660334CCC,IPMA,2026-09-27 14:52:15+00:00,41.165,-7.697,11.0,1.4,L,1.4,L,1.4,,,,,,N  Armamar,,,,,,high,0.92,preliminary,https://api.ipma.pt/open-data/observation/seismic/7.json,/home/runner/work/memoria-seismic-observatory/memoria-seismic-observatory/data/bronze/ipma/2026/10/09/area_7_20261009T103445Z.json,,True,,,False,,,,2026-10-09 10:34:45.293661+00:00
MEM-714FE0135E728B71,MEM-714FE0135E728B71,IPMA,2026-09-28 02:04:45+00:00,36.59,-9.765,13.0,1.4,L,1.4,L,1.4,,,,,,SW Cabo S.Vicente,,,,,,high,0.92,preliminary,https://api.ipma.pt/open-data/observation/seismic/7.json,/home/runner/work/memoria-seismic-observatory/memoria-seismic-observatory/data/bronze/ipma/2026/10/09/area_7_20261009T103445Z.json,,True,,,False,,,,2026-10-09 10:34:45.293661+00:00
MEM-884753F576910816,MEM-884753F576910816,IPMA,2026-09-28 04:26:50+00:00,36.595,-7.208,18.0,1.1,L,1.1,L,1.1,,,,,,Golfo de Cádiz,,,,,,high,0.92,preliminary,https://api.ipma.pt/open-data/observation/seismic/7.json,/home/runner/work/memoria-seismic-observatory/memoria-seismic-observatory/data/bronze/ipma/2026/10/09/area_7_20261009T103445Z.json,,True,,,False,,,,2026-10-09 10:34:45.293661+00:00
MEM-97E8430CCFA2F4C3,MEM-97E8430CCFA2F4C3,IPMA,2026-09-28 06:38:41+00:00,36.207,-8.185,10.0,1.0,L,1.0,L,1.0,,,,,,SW Faro,,,,,,high,0.92,preliminary,https://api.ipma.pt/open-data/observation/seismic/7.json,/home/runner/work/memoria-seismic-observatory/memoria-seismic-observatory/data/bronze/ipma/2026/10/09/area_7_20261009T103445Z.json,,True,,,False,,,,2026-10-09 10:34:45.293661+00:00
MEM-3B9D17DB22D9F369,MEM-3B9D17DB22D9F369,IPMA,2026-09-28 13:46:01+00:00,36.739,-7.319,21.0,1.2,L,1.2,L,1.2,,,,,,Golfo de Cádiz,,,,,,high,0.92,preliminary,https://api.ipma.pt/open-data/observation/seismic/7.json,/home/runner/work/memoria-seismic-observatory/memoria-seismic-observatory/data/bronze/ipma/2026/10/09/area_7_20261009T103445Z.json,,True,,,False,,,,2026-10-09 10:34:45.293661+00:00
MEM-EA9D13B849ECC8DB,MEM-EA9D13B849ECC8DB,IPMA,2026-09-28 15:46:02+00:00,35.927,-8.481,6.0,1.4,L,1.4,L,1.4,,,,,,Mar de Marrocos,,,,,,high,0.92,preliminary,https://api.ipma.pt/open-data/observation/seismic/7.json,/home/runner/work/memoria-seismic-observatory/memoria-seismic-observatory/data/bronze/ipma/2026/10/09/area_7_20261009T103445Z.json,,True,,,False,,,,2026-10-09 10:34:45.293661+00:00
MEM-9057281073EF4BB6,MEM-9057281073EF4BB6,IPMA,2026-09-28 18:51:23+00:00,37.334,-8.526,17.0,1.5,L,1.5,L,1.5,,,,,,NE Monchique,,,,,,high,0.92,preliminary,https://api.ipma.pt/open-data/observation/seismic/7.json,/home/runner/work/memoria-seismic-observatory/memoria-seismic-observatory/data/bronze/ipma/2026/10/09/area_7_20261009T103445Z.json,,True,,,False,,,,2026-10-09 10:34:45.293661+00:00
MEM-BA034CA7BDF2C4B9,MEM-BA034CA7BDF2C4B9,IPMA,2026-09-28 21:05:14+00:00,39.173,-9.02,1.0,1.1,L,1.1,L,1.1,,,,,,SE Cadaval,,,,,,high,0.92,preliminary,https://api.ipma.pt/open-data/observation/seismic/7.json,/home/runner/work/memoria-seismic-observatory/memoria-seismic-observatory/data/bronze/ipma/2026/10/09/area_7_20261009T103445Z.json,,True,,,False,,,,2026-10-09 10:34:45.293661+00:00
MEM-E3585F981317FF42,MEM-E3585F981317FF42,IPMA,2026-09-29 04:55:07+00:00,37.903,-9.509,31.0,1.5,L,1.5,L,1.5,,,,,,W  Sines,,,,,,high,0.92,preliminary,https://api.ipma.pt/open-data/observation/seismic/7.json,/home/runner/work/memoria-seismic-observatory/memoria-seismic-observatory/data/bronze/ipma/2026/10/09/area_7_20261009T103445Z.json,,True,,,False,,,,2026-10-09 10:34:45.293661+00:00
MEM-B0AE3D86466D1255,MEM-B0AE3D86466D1255,IPMA,2026-09-29 10:04:50+00:00,36.784,-7.188,18.0,1.2,L,1.2,L,1.2,,,,,,Golfo de Cádiz,,,,,,high,0.92,preliminary,https://api.ipma.pt/open-data/observation/seismic/7.json,/home/runner/work/memoria-seismic-observatory/memoria-seismic-observatory/data/bronze/ipma/2026/10/09/area_7_20261009T103445Z.json,,True,,,False,,,,2026-10-09 10:34:45.293661+00:00
MEM-9857DAE805AF9F3F,MEM-9857DAE805AF9F3F,IPMA,2026-09-29 13:27:36+00:00,35.718,-8.844,32.0,1.6,L,1.6,L,1.6,,,,,,Mar de Marrocos,,,,,,high,0.92,preliminary,https://api.ipma.pt/open-data/observation/seismic/7.json,/home/runner/work/memoria-seismic-observatory/memoria-seismic-observatory/data/bronze/ipma/2026/10/09/area_7_20261009T103445Z.json,,True,,,False,,,,2026-10-09 10:34:45.293661+00:00
MEM-025BD07A8CC9A6A1,MEM-025BD07A8CC9A6A1,IPMA,2026-09-29 15:44:10+00:00,41.73,-7.03,12.0,1.4,L,1.4,L,1.4,,,,,,SW Vinhais,,,,,,high,0.92,preliminary,https://api.ipma.pt/open-data/observation/seismic/7.json,/home/runner/work/memoria-seismic-observatory/memoria-seismic-observatory/data/bronze/ipma/2026/10/09/area_7_20261009T103445Z.json,,True,,,False,,,,2026-10-09 10:34:45.293661+00:00
MEM-57EB5139C965F960,MEM-57EB5139C965F960,IPMA,2026-09-29 16:07:29+00:00,37.383,-8.598,6.0,1.2,L,1.2,L,1.2,,,,,,NW Monchique,,,,,,high,0.92,preliminary,https://api.ipma.pt/open-data/observation/seismic/7.json,/home/runner/work/memoria-seismic-observatory/memoria-seismic-observatory/data/bronze/ipma/2026/10/09/area_7_20261009T103445Z.json,,True,,,False,,,,2026-10-09 10:34:45.293661+00:00
MEM-B16BF15EC8B7B30D,MEM-B16BF15EC8B7B30D,IPMA,2026-09-29 18:49:46+00:00,35.902,-5.883,30.0,1.8,L,1.8,L,1.8,,,,,,NW Tanger,,,,,,high,0.92,preliminary,https://api.ipma.pt/open-data/observation/seismic/7.json,/home/runner/work/memoria-seismic-observatory/memoria-seismic-observatory/data/bronze/ipma/2026/10/09/area_7_20261009T103445Z.json,,True,,,False,,,,2026-10-09 10:34:45.293661+00:00
MEM-3A717E2B71341EF2,MEM-3A717E2B71341EF2,IPMA,2026-09-29 19:06:04+00:00,36.486,-7.639,34.0,1.7,L,1.7,L,1.7,,,,,,Golfo de Cádiz,,,,,,high,0.92,preliminary,https://api.ipma.pt/open-data/observation/seismic/7.json,/home/runner/work/memoria-seismic-observatory/memoria-seismic-observatory/data/bronze/ipma/2026/10/09/area_7_20261009T103445Z.json,,True,,,False,,,,2026-10-09 10:34:45.293661+00:00
MEM-1516FB8F0A65CB99,MEM-1516FB8F0A65CB99,IPMA,2026-09-30 06:58:15+00:00,36.789,-7.898,19.0,1.4,L,1.4,L,1.4,,,,,,Golfo de Cádiz,,,,,,high,0.92,preliminary,https://api.ipma.pt/open-data/observation/seismic/7.json,/home/runner/work/memoria-seismic-observatory/memoria-seismic-observatory/data/bronze/ipma/2026/10/09/area_7_20261009T103445Z.json,,True,,,False,,,,2026-10-09 10:34:45.293661+00:00
MEM-1A5E894E6530D182,MEM-1A5E894E6530D182,IPMA,2026-09-30 08:42:02+00:00,36.502,-9.791,13.0,1.4,L,1.4,L,1.4,,,,,,SW Cabo S.Vicente,,,,,,high,0.92,preliminary,https://api.ipma.pt/open-data/observation/seismic/7.json,/home/runner/work/memoria-seismic-observatory/memoria-seismic-observatory/data/bronze/ipma/2026/10/09/area_7_20261009T103445Z.json,,True,,,False,,,,2026-10-09 10:34:45.293661+00:00
MEM-47A13EA1EFA5CFD7,MEM-47A13EA1EFA5CFD7,IPMA,2026-09-30 20:44:40+00:00,36.983,-8.987,17.0,1.2,L,1.2,L,1.2,,,,,,SE Cabo S.Vicente,,,,,,high,0.92,preliminary,https://api.ipma.pt/open-data/observation/seismic/7.json,/home/runner/work/memoria-seismic-observatory/memoria-seismic-observatory/data/bronze/ipma/2026/10/09/area_7_20261009T103445Z.json,,True,,,False,,,,2026-10-09 10:34:45.293661+00:00
MEM-E2CDE156F2DFD27E,MEM-E2CDE156F2DFD27E,IPMA,2026-10-01 05:45:47+00:00,37.776,-6.723,0.0,1.0,L,1.0,L,1.0,,,,,,SW Aracena (ESP),,,,,,high,0.92,preliminary,https://api.ipma.pt/open-data/observation/seismic/7.json,/home/runner/work/memoria-seismic-observatory/memoria-seismic-observatory/data/bronze/ipma/2026/10/09/area_7_20261009T103445Z.json,,True,,,False,,,,2026-10-09 10:34:45.293661+00:00
MEM-360D4F3054614DBD,MEM-360D4F3054614DBD,IPMA,2026-10-01 06:56:35+00:00,36.169,-7.876,33.0,1.5,L,1.5,L,1.5,,,,,,Golfo de Cádiz,,,,,,high,0.92,preliminary,https://api.ipma.pt/open-data/observation/seismic/7.json,/home/runner/work/memoria-seismic-observatory/memoria-seismic-observatory/data/bronze/ipma/2026/10/09/area_7_20261009T103445Z.json,,True,,,False,,,,2026-10-09 10:34:45.293661+00:00
MEM-8DDE94B6C6FA3E8D,MEM-8DDE94B6C6FA3E8D,IPMA,2026-10-01 10:58:51+00:00,39.684,-8.888,8.0,1.3,L,1.3,L,1.3,,,,,,NW Batalha,,,,,,high,0.92,preliminary,https://api.ipma.pt/open-data/observation/seismic/7.json,/home/runner/work/memoria-seismic-observatory/memoria-seismic-observatory/data/bronze/ipma/2026/10/09/area_7_20261009T103445Z.json,,True,,,False,,,,2026-10-09 10:34:45.293661+00:00
MEM-B1658C94E0E286A6,MEM-B1658C94E0E286A6,IPMA,2026-10-01 14:58:07+00:00,36.66,-7.557,21.0,1.0,L,1.0,L,1.0,,,,,,Golfo de Cádiz,,,,,,high,0.92,preliminary,https://api.ipma.pt/open-data/observation/seismic/7.json,/home/runner/work/memoria-seismic-observatory/memoria-seismic-observatory/data/bronze/ipma/2026/10/09/area_7_20261009T103445Z.json,,True,,,False,,,,2026-10-09 10:34:45.293661+00:00
MEM-6622CFBFBFD6A9DD,MEM-6622CFBFBFD6A9DD,IPMA,2026-10-01 14:58:24+00:00,37.164,-4.492,24.0,1.9,L,1.9,L,1.9,,,,,,NW Malaga (ESP),,,,,,high,0.92,preliminary,https://api.ipma.pt/open-data/observation/seismic/7.json,/home/runner/work/memoria-seismic-observatory/memoria-seismic-observatory/data/bronze/ipma/2026/10/09/area_7_20261009T103445Z.json,,True,,,False,,,,2026-10-09 10:34:45.293661+00:00
MEM-BEC199DEDB03152B,MEM-BEC199DEDB03152B,IPMA,2026-10-01 17:00:44+00:00,37.35,-8.556,11.0,1.3,L,1.3,L,1.3,,,,,,N  Monchique,,,,,,high,0.92,preliminary,https://api.ipma.pt/open-data/observation/seismic/7.json,/home/runner/work/memoria-seismic-observatory/memoria-seismic-observatory/data/bronze/ipma/2026/10/09/area_7_20261009T103445Z.json,,True,,,False,,,,2026-10-09 10:34:45.293661+00:00
MEM-E65253B98E0EBE16,MEM-E65253B98E0EBE16,IPMA,2026-10-02 12:43:03+00:00,36.306,-8.425,13.0,1.2,L,1.2,L,1.2,,,,,,SW Albufeira,,,,,,high,0.92,preliminary,https://api.ipma.pt/open-data/observation/seismic/7.json,/home/runner/work/memoria-seismic-observatory/memoria-seismic-observatory/data/bronze/ipma/2026/10/09/area_7_20261009T103445Z.json,,True,,,False,,,,2026-10-09 10:34:45.293661+00:00
MEM-72D762C35DCB1D7E,MEM-72D762C35DCB1D7E,IPMA,2026-10-02 20:19:42+00:00,40.877,-8.385,17.0,1.0,L,1.0,L,1.0,,,,,,NE Vale de Cambra,,,,,,high,0.92,preliminary,https://api.ipma.pt/open-data/observation/seismic/7.json,/home/runner/work/memoria-seismic-observatory/memoria-seismic-observatory/data/bronze/ipma/2026/10/09/area_7_20261009T103445Z.json,,True,,,False,,,,2026-10-09 10:34:45.293661+00:00
MEM-D6F3FCE1F0AF7A35,MEM-D6F3FCE1F0AF7A35,IPMA,2026-10-02 23:09:00+00:00,36.927,-10.733,36.0,1.4,L,1.4,L,1.4,,,,,,Gorringe,,,,,,high,0.92,preliminary,https://api.ipma.pt/open-data/observation/seismic/7.json,/home/runner/work/memoria-seismic-observatory/memoria-seismic-observatory/data/bronze/ipma/2026/10/09/area_7_20261009T103445Z.json,,True,,,False,,,,2026-10-09 10:34:45.293661+00:00
MEM-F2D5DC04A6336061,MEM-F2D5DC04A6336061,IPMA,2026-10-03 00:51:17+00:00,36.583,-7.624,20.0,1.2,L,1.2,L,1.2,,,,,,Golfo de Cádiz,,,,,,high,0.92,preliminary,https://api.ipma.pt/open-data/observation/seismic/7.json,/home/runner/work/memoria-seismic-observatory/memoria-seismic-observatory/data/bronze/ipma/2026/10/09/area_7_20261009T103445Z.json,,True,,,False,,,,2026-10-09 10:34:45.293661+00:00
MEM-7464975C0D480E86,MEM-7464975C0D480E86,IPMA,2026-10-03 14:08:09+00:00,35.386,-6.045,11.0,1.4,L,1.4,L,1.4,,,,,,Costa de Marrocos,,,,,,high,0.92,preliminary,https://api.ipma.pt/open-data/observation/seismic/7.json,/home/runner/work/memoria-seismic-observatory/memoria-seismic-observatory/data/bronze/ipma/2026/10/09/area_7_20261009T103445Z.json,,True,,,False,,,,2026-10-09 10:34:45.293661+00:00
MEM-FE9BB004142A7CB9,MEM-FE9BB004142A7CB9,IPMA,2026-10-03 16:48:06+00:00,36.587,-7.665,19.0,1.0,L,1.0,L,1.0,,,,,,Golfo de Cádiz,,,,,,high,0.92,preliminary,https://api.ipma.pt/open-data/observation/seismic/7.json,/home/runner/work/memoria-seismic-observatory/memoria-seismic-observatory/data/bronze/ipma/2026/10/09/area_7_20261009T103445Z.json,,True,,,False,,,,2026-10-09 10:34:45.293661+00:00
MEM-8BA0109A803C22EC,MEM-8BA0109A803C22EC,IPMA,2026-10-03 20:58:16+00:00,36.426,-8.176,19.0,1.4,L,1.4,L,1.4,,,,,,SW Faro,,,,,,high,0.92,preliminary,https://api.ipma.pt/open-data/observation/seismic/7.json,/home/runner/work/memoria-seismic-observatory/memoria-seismic-observatory/data/bronze/ipma/2026/10/09/area_7_20261009T103445Z.json,,True,,,False,,,,2026-10-09 10:34:45.293661+00:00
MEM-AD521A37A595C1CC,MEM-AD521A37A595C1CC,IPMA,2026-10-03 22:52:21+00:00,37.335,-13.836,36.0,1.7,L,1.7,L,1.7,,,,,,Josephine,,,,,,high,0.92,preliminary,https://api.ipma.pt/open-data/observation/seismic/7.json,/home/runner/work/memoria-seismic-observatory/memoria-seismic-observatory/data/bronze/ipma/2026/10/09/area_7_20261009T103445Z.json,,True,,,False,,,,2026-10-09 10:34:45.293661+00:00
MEM-4E9B172F8ACE4512,MEM-4E9B172F8ACE4512,IPMA,2026-10-04 01:23:13+00:00,36.078,-7.97,33.0,1.2,L,1.2,L,1.2,,,,,,Golfo de Cádiz,,,,,,high,0.92,preliminary,https://api.ipma.pt/open-data/observation/seismic/7.json,/home/runner/work/memoria-seismic-observatory/memoria-seismic-observatory/data/bronze/ipma/2026/10/09/area_7_20261009T103445Z.json,,True,,,False,,,,2026-10-09 10:34:45.293661+00:00
MEM-71CD0B48BC0FE83F,MEM-71CD0B48BC0FE83F,IPMA,2026-10-04 10:43:23+00:00,36.586,-4.132,4.0,1.7,L,1.7,L,1.7,,,,,,SE Malaga (ESP),,,,,,high,0.92,preliminary,https://api.ipma.pt/open-data/observation/seismic/7.json,/home/runner/work/memoria-seismic-observatory/memoria-seismic-observatory/data/bronze/ipma/2026/10/09/area_7_20261009T103445Z.json,,True,,,False,,,,2026-10-09 10:34:45.293661+00:00
MEM-AE85D277F33BCA80,MEM-AE85D277F33BCA80,IPMA,2026-10-05 04:12:41+00:00,36.371,-8.151,32.0,1.2,L,1.2,L,1.2,,,,,,SW Faro,,,,,,high,0.92,preliminary,https://api.ipma.pt/open-data/observation/seismic/7.json,/home/runner/work/memoria-seismic-observatory/memoria-seismic-observatory/data/bronze/ipma/2026/10/09/area_7_20261009T103445Z.json,,True,,,False,,,,2026-10-09 10:34:45.293661+00:00
MEM-B8A662D1DE96E16E,MEM-B8A662D1DE96E16E,IPMA,2026-10-05 06:27:34+00:00,36.64,-11.135,10.0,1.5,L,1.5,L,1.5,,,,,,Gorringe,,,,,,high,0.92,preliminary,https://api.ipma.pt/open-data/observation/seismic/7.json,/home/runner/work/memoria-seismic-observatory/memoria-seismic-observatory/data/bronze/ipma/2026/10/09/area_7_20261009T103445Z.json,,True,,,False,,,,2026-10-09 10:34:45.293661+00:00
MEM-694F14F9283E8D6D,MEM-694F14F9283E8D6D,IPMA,2026-10-05 06:29:59+00:00,36.242,-8.366,13.0,1.1,L,1.1,L,1.1,,,,,,SW Faro,,,,,,high,0.92,preliminary,https://api.ipma.pt/open-data/observation/seismic/7.json,/home/runner/work/memoria-seismic-observatory/memoria-seismic-observatory/data/bronze/ipma/2026/10/09/area_7_20261009T103445Z.json,,True,,,False,,,,2026-10-09 10:34:45.293661+00:00
MEM-BB0359E26EBACE27,MEM-BB0359E26EBACE27,IPMA,2026-10-05 21:16:50+00:00,42.403,-8.522,21.0,1.4,L,1.4,L,1.4,,,,,,SE Pontevedra (ESP),,,,,,high,0.92,preliminary,https://api.ipma.pt/open-data/observation/seismic/7.json,/home/runner/work/memoria-seismic-observatory/memoria-seismic-observatory/data/bronze/ipma/2026/10/09/area_7_20261009T103445Z.json,,True,,,False,,,,2026-10-09 10:34:45.293661+00:00
MEM-0923B6D70663F837,MEM-0923B6D70663F837,IPMA,2026-10-05 21:53:18+00:00,34.413,-8.669,38.0,1.7,L,1.7,L,1.7,,,,,,Mar de Marrocos,,,,,,high,0.92,preliminary,https://api.ipma.pt/open-data/observation/seismic/7.json,/home/runner/work/memoria-seismic-observatory/memoria-seismic-observatory/data/bronze/ipma/2026/10/09/area_7_20261009T103445Z.json,,True,,,False,,,,2026-10-09 10:34:45.293661+00:00
MEM-04143494713F5371,MEM-04143494713F5371,IPMA,2026-10-06 01:27:12+00:00,42.336,-8.103,14.0,1.3,L,1.3,L,1.3,,,,,,W  Ourense (ESP),,,,,,high,0.92,preliminary,https://api.ipma.pt/open-data/observation/seismic/7.json,/home/runner/work/memoria-seismic-observatory/memoria-seismic-observatory/data/bronze/ipma/2026/10/09/area_7_20261009T103445Z.json,,True,,,False,,,,2026-10-09 10:34:45.293661+00:00
MEM-880DA0705CC1D11B,MEM-880DA0705CC1D11B,IPMA,2026-10-06 06:54:14+00:00,36.756,-7.822,26.0,1.4,L,1.4,L,1.4,,,,,,Golfo de Cádiz,,,,,,high,0.92,preliminary,https://api.ipma.pt/open-data/observation/seismic/7.json,/home/runner/work/memoria-seismic-observatory/memoria-seismic-observatory/data/bronze/ipma/2026/10/09/area_7_20261009T103445Z.json,,True,,,False,,,,2026-10-09 10:34:45.293661+00:00
MEM-18249EEBC3284175,MEM-18249EEBC3284175,IPMA,2026-10-06 11:16:26+00:00,37.257,-11.275,10.0,1.6,L,1.6,L,1.6,,,,,,Abissal do Tejo,,,,,,high,0.92,preliminary,https://api.ipma.pt/open-data/observation/seismic/7.json,/home/runner/work/memoria-seismic-observatory/memoria-seismic-observatory/data/bronze/ipma/2026/10/09/area_7_20261009T103445Z.json,,True,,,False,,,,2026-10-09 10:34:45.293661+00:00
MEM-AC319AD3403F7BF2,MEM-AC319AD3403F7BF2,IPMA,2026-10-06 14:25:27+00:00,38.889,-9.964,7.0,1.1,L,1.1,L,1.1,,,,,,W  Sintra,,,,,,high,0.92,preliminary,https://api.ipma.pt/open-data/observation/seismic/7.json,/home/runner/work/memoria-seismic-observatory/memoria-seismic-observatory/data/bronze/ipma/2026/10/09/area_7_20261009T103445Z.json,,True,,,False,,,,2026-10-09 10:34:45.293661+00:00
MEM-5EBEDA76FF874F6E,MEM-5EBEDA76FF874F6E,IPMA,2026-10-06 23:24:04+00:00,36.849,-9.438,27.0,1.2,L,1.2,L,1.2,,,,,,SW Cabo S.Vicente,,,,,,high,0.92,preliminary,https://api.ipma.pt/open-data/observation/seismic/7.json,/home/runner/work/memoria-seismic-observatory/memoria-seismic-observatory/data/bronze/ipma/2026/10/09/area_7_20261009T103445Z.json,,True,,,False,,,,2026-10-09 10:34:45.293661+00:00
MEM-C27B26174F2BB509,MEM-C27B26174F2BB509,IPMA,2026-10-07 06:47:30+00:00,36.34,-7.995,17.0,1.5,L,1.5,L,1.5,,,,,,Golfo de Cádiz,,,,,,high,0.92,preliminary,https://api.ipma.pt/open-data/observation/seismic/7.json,/home/runner/work/memoria-seismic-observatory/memoria-seismic-observatory/data/bronze/ipma/2026/10/09/area_7_20261009T103445Z.json,,True,,,False,,,,2026-10-09 10:34:45.293661+00:00
MEM-A53B0BC7CF053501,MEM-A53B0BC7CF053501,IPMA,2026-10-07 07:35:49+00:00,36.776,-9.602,21.0,1.5,L,1.5,L,1.5,,,,,,SW Cabo S.Vicente,,,,,,high,0.92,preliminary,https://api.ipma.pt/open-data/observation/seismic/7.json,/home/runner/work/memoria-seismic-observatory/memoria-seismic-observatory/data/bronze/ipma/2026/10/09/area_7_20261009T103445Z.json,,True,,,False,,,,2026-10-09 10:34:45.293661+00:00
MEM-63ECE2259D189A19,MEM-63ECE2259D189A19,IPMA,2026-10-07 10:52:28+00:00,37.086,-8.09,1.0,1.0,L,1.0,L,1.0,,,,,,SW Loulé,,,,,,high,0.92,preliminary,https://api.ipma.pt/open-data/observation/seismic/7.json,/home/runner/work/memoria-seismic-observatory/memoria-seismic-observatory/data/bronze/ipma/2026/10/09/area_7_20261009T103445Z.json,,True,,,False,,,,2026-10-09 10:34:45.293661+00:00
MEM-75F131B32035F0E5,MEM-75F131B32035F0E5,IPMA,2026-10-07 21:33:06+00:00,36.473,-8.407,21.0,1.1,L,1.1,L,1.1,,,,,,SW Albufeira,,,,,,high,0.92,preliminary,https://api.ipma.pt/open-data/observation/seismic/7.json,/home/runner/work/memoria-seismic-observatory/memoria-seismic-observatory/data/bronze/ipma/2026/10/09/area_7_20261009T103445Z.json,,True,,,False,,,,2026-10-09 10:34:45.293661+00:00
MEM-E24263CDCCA1BA04,MEM-E24263CDCCA1BA04,IPMA,2026-10-07 21:57:42+00:00,36.331,-11.064,34.0,1.2,L,1.2,L,1.2,,,,,,Gorringe,,,,,,high,0.92,preliminary,https://api.ipma.pt/open-data/observation/seismic/7.json,/home/runner/work/memoria-seismic-observatory/memoria-seismic-observatory/data/bronze/ipma/2026/10/09/area_7_20261009T103445Z.json,,True,,,False,,,,2026-10-09 10:34:45.293661+00:00
MEM-E2522BE5F790A1FC,MEM-E2522BE5F790A1FC,IPMA,2026-10-07 22:16:53+00:00,37.181,-4.504,3.0,1.5,L,1.5,L,1.5,,,,,,NW Malaga (ESP),,,,,,high,0.92,preliminary,https://api.ipma.pt/open-data/observation/seismic/7.json,/home/runner/work/memoria-seismic-observatory/memoria-seismic-observatory/data/bronze/ipma/2026/10/09/area_7_20261009T103445Z.json,,True,,,False,,,,2026-10-09 10:34:45.293661+00:00
MEM-2A6FD311F1BF2A82,MEM-2A6FD311F1BF2A82,IPMA,2026-10-08 00:55:41+00:00,36.606,-9.726,18.0,1.3,L,1.3,L,1.3,,,,,,SW Cabo S.Vicente,,,,,,high,0.92,preliminary,https://api.ipma.pt/open-data/observation/seismic/7.json,/home/runner/work/memoria-seismic-observatory/memoria-seismic-observatory/data/bronze/ipma/2026/10/09/area_7_20261009T103445Z.json,,True,,,False,,,,2026-10-09 10:34:45.293661+00:00
MEM-45C6D51F96036922,MEM-45C6D51F96036922,IPMA,2026-10-08 08:04:36+00:00,37.154,-3.648,1.0,1.8,L,1.8,L,1.8,,,,,,NW Granada (ESP),,,,,,high,0.92,preliminary,https://api.ipma.pt/open-data/observation/seismic/7.json,/home/runner/work/memoria-seismic-observatory/memoria-seismic-observatory/data/bronze/ipma/2026/10/09/area_7_20261009T103445Z.json,,True,,,False,,,,2026-10-09 10:34:45.293661+00:00
MEM-349979261139D735,MEM-349979261139D735,IPMA,2026-10-08 08:14:20+00:00,36.691,-9.707,16.0,1.4,L,1.4,L,1.4,,,,,,SW Cabo S.Vicente,,,,,,high,0.92,preliminary,https://api.ipma.pt/open-data/observation/seismic/7.json,/home/runner/work/memoria-seismic-observatory/memoria-seismic-observatory/data/bronze/ipma/2026/10/09/area_7_20261009T103445Z.json,,True,,,False,,,,2026-10-09 10:34:45.293661+00:00
MEM-5403F8F3AFBF5939,MEM-5403F8F3AFBF5939,IPMA,2026-10-09 01:58:32+00:00,42.693,-7.679,3.0,1.3,L,1.3,L,1.3,,,,,,SW Lugo (ESP),,,,,,high,0.92,preliminary,https://api.ipma.pt/open-data/observation/seismic/7.json,/home/runner/work/memoria-seismic-observatory/memoria-seismic-observatory/data/bronze/ipma/2026/10/09/area_7_20261009T103445Z.json,,True,,,False,,,,2026-10-09 10:34:45.293661+00:00
MEM-34139A59E4594032,MEM-34139A59E4594032,IPMA,2026-10-09 02:27:50+00:00,42.697,-7.69,14.0,1.7,L,1.7,L,1.7,,,,,,SW Lugo (ESP),,,,,,high,0.92,preliminary,https://api.ipma.pt/open-data/observation/seismic/7.json,/home/runner/work/memoria-seismic-observatory/memoria-seismic-observatory/data/bronze/ipma/2026/10/09/area_7_20261009T103445Z.json,,True,,,False,,,,2026-10-09 10:34:45.293661+00:00
MEM-B6A72A159DC645CA,MEM-B6A72A159DC645CA,IPMA,2026-10-09 03:31:01+00:00,36.335,-9.199,5.0,1.4,L,1.4,L,1.4,,,,,,SW Cabo S.Vicente,,,,,,high,0.92,preliminary,https://api.ipma.pt/open-data/observation/seismic/7.json,/home/runner/work/memoria-seismic-observatory/memoria-seismic-observatory/data/bronze/ipma/2026/10/09/area_7_20261009T103445Z.json,,True,,,False,,,,2026-10-09 10:34:45.293661+00:00
MEM-7580E983A0004FC2,MEM-7580E983A0004FC2,IPMA,2026-09-10 20:31:15+00:00,34.507,-16.116,10.0,2.4,L,2.4,L,2.4,,,,,,N  Porto Santo (Madeira),,,,,,high,0.92,preliminary,https://api.ipma.pt/open-data/observation/seismic/7.json,/home/runner/work/memoria-seismic-observatory/memoria-seismic-observatory/data/bronze/ipma/2026/10/09/area_7_20261009T103445Z.json,,True,,,False,,,,2026-10-09 10:34:45.293661+00:00
MEM-F57758EC054B64ED,MEM-F57758EC054B64ED,IPMA,2026-09-11 19:40:28+00:00,35.673,-4.75,46.0,2.3,L,2.3,L,2.3,,,,,,Alboran,,,,,,high,0.92,preliminary,https://api.ipma.pt/open-data/observation/seismic/7.json,/home/runner/work/memoria-seismic-observatory/memoria-seismic-observatory/data/bronze/ipma/2026/10/09/area_7_20261009T103445Z.json,,True,,,False,,,,2026-10-09 10:34:45.293661+00:00
MEM-62C1C4A76EBFB372,MEM-62C1C4A76EBFB372,IPMA,2026-09-12 03:59:22+00:00,42.941,-4.794,18.0,2.3,L,2.3,L,2.3,,,,,,NE Léon (ESP),,,,,,high,0.92,preliminary,https://api.ipma.pt/open-data/observation/seismic/7.json,/home/runner/work/memoria-seismic-observatory/memoria-seismic-observatory/data/bronze/ipma/2026/10/09/area_7_20261009T103445Z.json,,True,,,False,,,,2026-10-09 10:34:45.293661+00:00
MEM-8788A97E64DD54E7,MEM-8788A97E64DD54E7,IPMA,2026-09-13 05:35:17+00:00,34.21,-16.392,10.0,2.0,L,2.0,L,2.0,,,,,,N  Porto Santo (Madeira),,,,,,high,0.92,preliminary,https://api.ipma.pt/open-data/observation/seismic/7.json,/home/runner/work/memoria-seismic-observatory/memoria-seismic-observatory/data/bronze/ipma/2026/10/09/area_7_20261009T103445Z.json,,True,,,False,,,,2026-10-09 10:34:45.293661+00:00
MEM-E40BCAEBA8D9D5D2,MEM-E40BCAEBA8D9D5D2,IPMA,2026-09-16 07:54:06+00:00,36.904,-3.475,13.0,2.9,L,2.9,L,2.9,,,,,,SE Granada (ESP),,,,,,high,0.92,preliminary,https://api.ipma.pt/open-data/observation/seismic/7.json,/home/runner/work/memoria-seismic-observatory/memoria-seismic-observatory/data/bronze/ipma/2026/10/09/area_7_20261009T103445Z.json,,True,,,False,,,,2026-10-09 10:34:45.293661+00:00
MEM-8ECDE6926093E5C2,MEM-8ECDE6926093E5C2,IPMA,2026-09-16 10:04:12+00:00,36.437,-9.655,16.0,2.0,L,2.0,L,2.0,,,,,,SW Cabo S.Vicente,,,,,,high,0.92,preliminary,https://api.ipma.pt/open-data/observation/seismic/7.json,/home/runner/work/memoria-seismic-observatory/memoria-seismic-observatory/data/bronze/ipma/2026/10/09/area_7_20261009T103445Z.json,,True,,,False,,,,2026-10-09 10:34:45.293661+00:00
MEM-C8365DE02B6C59B3,MEM-C8365DE02B6C59B3,IPMA,2026-09-16 13:15:31+00:00,37.069,-3.598,13.0,2.3,L,2.3,L,2.3,,,,,,S  Granada (ESP),,,,,,high,0.92,preliminary,https://api.ipma.pt/open-data/observation/seismic/7.json,/home/runner/work/memoria-seismic-observatory/memoria-seismic-observatory/data/bronze/ipma/2026/10/09/area_7_20261009T103445Z.json,,True,,,False,,,,2026-10-09 10:34:45.293661+00:00
MEM-8BC14AE6AF1C1332,MEM-8BC14AE6AF1C1332,IPMA,2026-09-18 11:55:49+00:00,37.099,-3.578,11.0,2.5,L,2.5,L,2.5,,,,,,SE Granada (ESP),,,,,,high,0.92,preliminary,https://api.ipma.pt/open-data/observation/seismic/7.json,/home/runner/work/memoria-seismic-observatory/memoria-seismic-observatory/data/bronze/ipma/2026/10/09/area_7_20261009T103445Z.json,,True,,,False,,,,2026-10-09 10:34:45.293661+00:00
MEM-A517694F683B3BF0,MEM-A517694F683B3BF0,IPMA,2026-09-18 13:39:16+00:00,37.149,-3.684,1.0,2.0,L,2.0,L,2.0,,,,,,NW Granada (ESP),,,,,,high,0.92,preliminary,https://api.ipma.pt/open-data/observation/seismic/7.json,/home/runner/work/memoria-seismic-observatory/memoria-seismic-observatory/data/bronze/ipma/2026/10/09/area_7_20261009T103445Z.json,,True,,,False,,,,2026-10-09 10:34:45.293661+00:00
MEM-CC0C35980A91D795,MEM-CC0C35980A91D795,IPMA,2026-09-19 03:36:54+00:00,42.96,-0.243,11.0,2.1,L,2.1,L,2.1,,,,,,Pirenéus (ESP),,,,,,high,0.92,preliminary,https://api.ipma.pt/open-data/observation/seismic/7.json,/home/runner/work/memoria-seismic-observatory/memoria-seismic-observatory/data/bronze/ipma/2026/10/09/area_7_20261009T103445Z.json,,True,,,False,,,,2026-10-09 10:34:45.293661+00:00
MEM-BEF7873BF4EDF124,MEM-BEF7873BF4EDF124,IPMA,2026-09-20 08:09:22+00:00,38.176,-2.271,11.0,2.3,L,2.3,L,2.3,,,,,,NE Almeria (ESP),,,,,,high,0.92,preliminary,https://api.ipma.pt/open-data/observation/seismic/7.json,/home/runner/work/memoria-seismic-observatory/memoria-seismic-observatory/data/bronze/ipma/2026/10/09/area_7_20261009T103445Z.json,,True,,,False,,,,2026-10-09 10:34:45.293661+00:00
MEM-3D39A933B7C1363D,MEM-3D39A933B7C1363D,IPMA,2026-09-21 17:31:39+00:00,33.235,-4.39,22.0,2.5,L,2.5,L,2.5,,,,,,SE Fez (Marr),,,,,,high,0.92,preliminary,https://api.ipma.pt/open-data/observation/seismic/7.json,/home/runner/work/memoria-seismic-observatory/memoria-seismic-observatory/data/bronze/ipma/2026/10/09/area_7_20261009T103445Z.json,,True,,,False,,,,2026-10-09 10:34:45.293661+00:00
MEM-616D77E88CA91C1D,MEM-616D77E88CA91C1D,IPMA,2026-09-22 04:27:58+00:00,36.955,-13.434,78.0,2.2,L,2.2,L,2.2,,,,,,Josephine,,,,,,high,0.92,preliminary,https://api.ipma.pt/open-data/observation/seismic/7.json,/home/runner/work/memoria-seismic-observatory/memoria-seismic-observatory/data/bronze/ipma/2026/10/09/area_7_20261009T103445Z.json,,True,,,False,,,,2026-10-09 10:34:45.293661+00:00
MEM-0CA17E419F215580,MEM-0CA17E419F215580,IPMA,2026-09-22 14:04:53+00:00,39.227,-9.021,2.0,2.7,L,2.7,L,2.7,,,,,IV,Cadaval (Lisboa),True,,,,,high,0.92,preliminary,https://api.ipma.pt/open-data/observation/seismic/7.json,/home/runner/work/memoria-seismic-observatory/memoria-seismic-observatory/data/bronze/ipma/2026/10/09/area_7_20261009T103445Z.json,,True,,,False,,,,2026-10-09 10:34:45.293661+00:00
MEM-02A26C3567662170,MEM-02A26C3567662170,IPMA,2026-09-24 02:26:55+00:00,40.25,-0.929,16.0,2.9,L,2.9,L,2.9,,,,,,SE Teruel (ESP),,,,,,high,0.92,preliminary,https://api.ipma.pt/open-data/observation/seismic/7.json,/home/runner/work/memoria-seismic-observatory/memoria-seismic-observatory/data/bronze/ipma/2026/10/09/area_7_20261009T103445Z.json,,True,,,False,,,,2026-10-09 10:34:45.293661+00:00
MEM-09867CF6F7AF1058,MEM-09867CF6F7AF1058,IPMA,2026-09-24 02:47:44+00:00,35.766,-10.04,26.0,2.0,L,2.0,L,2.0,,,,,,Mar de Marrocos,,,,,,high,0.92,preliminary,https://api.ipma.pt/open-data/observation/seismic/7.json,/home/runner/work/memoria-seismic-observatory/memoria-seismic-observatory/data/bronze/ipma/2026/10/09/area_7_20261009T103445Z.json,,True,,,False,,,,2026-10-09 10:34:45.293661+00:00
MEM-520B1E1D793C3DF9,MEM-520B1E1D793C3DF9,IPMA,2026-09-24 17:27:49+00:00,36.72,-9.716,19.0,2.1,L,2.1,L,2.1,,,,,,SW Cabo S.Vicente,,,,,,high,0.92,preliminary,https://api.ipma.pt/open-data/observation/seismic/7.json,/home/runner/work/memoria-seismic-observatory/memoria-seismic-observatory/data/bronze/ipma/2026/10/09/area_7_20261009T103445Z.json,,True,,,False,,,,2026-10-09 10:34:45.293661+00:00
MEM-85279768F6659B89,MEM-85279768F6659B89,IPMA,2026-09-25 06:46:46+00:00,34.716,-11.756,40.0,2.0,L,2.0,L,2.0,,,,,,"Madeira Islands, Portugal Regi",,,,,,high,0.92,preliminary,https://api.ipma.pt/open-data/observation/seismic/7.json,/home/runner/work/memoria-seismic-observatory/memoria-seismic-observatory/data/bronze/ipma/2026/10/09/area_7_20261009T103445Z.json,,True,,,False,,,,2026-10-09 10:34:45.293661+00:00
MEM-A35BCBA3751F6E12,MEM-A35BCBA3751F6E12,IPMA,2026-09-25 20:52:54+00:00,36.609,-11.323,31.0,2.3,L,2.3,L,2.3,,,,,,Gorringe,,,,,,high,0.92,preliminary,https://api.ipma.pt/open-data/observation/seismic/7.json,/home/runner/work/memoria-seismic-observatory/memoria-seismic-observatory/data/bronze/ipma/2026/10/09/area_7_20261009T103445Z.json,,True,,,False,,,,2026-10-09 10:34:45.293661+00:00
MEM-0FBA4F705F280DBD,MEM-0FBA4F705F280DBD,IPMA,2026-09-25 23:25:27+00:00,37.853,-2.338,17.0,2.8,L,2.8,L,2.8,,,,,,NE Almeria (ESP),,,,,,high,0.92,preliminary,https://api.ipma.pt/open-data/observation/seismic/7.json,/home/runner/work/memoria-seismic-observatory/memoria-seismic-observatory/data/bronze/ipma/2026/10/09/area_7_20261009T103445Z.json,,True,,,False,,,,2026-10-09 10:34:45.293661+00:00
MEM-2528F68940913167,MEM-2528F68940913167,IPMA,2026-09-26 12:56:33+00:00,41.561,-6.017,11.0,2.2,L,2.2,L,2.2,,,,,,NE Miranda do Douro,,,,,,high,0.92,preliminary,https://api.ipma.pt/open-data/observation/seismic/7.json,/home/runner/work/memoria-seismic-observatory/memoria-seismic-observatory/data/bronze/ipma/2026/10/09/area_7_20261009T103445Z.json,,True,,,False,,,,2026-10-09 10:34:45.293661+00:00
MEM-C4A0F9C62DCEDCCB,MEM-C4A0F9C62DCEDCCB,IPMA,2026-09-26 22:44:07+00:00,37.064,-13.785,10.0,2.0,L,2.0,L,2.0,,,,,,Josephine,,,,,,high,0.92,preliminary,https://api.ipma.pt/open-data/observation/seismic/7.json,/home/runner/work/memoria-seismic-observatory/memoria-seismic-observatory/data/bronze/ipma/2026/10/09/area_7_20261009T103445Z.json,,True,,,False,,,,2026-10-09 10:34:45.293661+00:00
MEM-ED841AD91299B360,MEM-ED841AD91299B360,IPMA,2026-09-27 00:10:46+00:00,37.854,-2.369,16.0,2.1,L,2.1,L,2.1,,,,,,NE Almeria (ESP),,,,,,high,0.92,preliminary,https://api.ipma.pt/open-data/observation/seismic/7.json,/home/runner/work/memoria-seismic-observatory/memoria-seismic-observatory/data/bronze/ipma/2026/10/09/area_7_20261009T103445Z.json,,True,,,False,,,,2026-10-09 10:34:45.293661+00:00
MEM-E9E92D85E5804BDD,MEM-E9E92D85E5804BDD,IPMA,2026-09-27 10:24:59+00:00,36.843,-7.404,23.0,2.6,L,2.6,L,2.6,,,,,,Golfo de Cádiz,,,,,,high,0.92,preliminary,https://api.ipma.pt/open-data/observation/seismic/7.json,/home/runner/work/memoria-seismic-observatory/memoria-seismic-observatory/data/bronze/ipma/2026/10/09/area_7_20261009T103445Z.json,,True,,,False,,,,2026-10-09 10:34:45.293661+00:00
MEM-FCD5FE48D64F3CB0,MEM-FCD5FE48D64F3CB0,IPMA,2026-09-28 06:04:41+00:00,34.871,-3.947,5.0,2.5,L,2.5,L,2.5,,,,,,S  Al Hoceima (MARR),,,,,,high,0.92,preliminary,https://api.ipma.pt/open-data/observation/seismic/7.json,/home/runner/work/memoria-seismic-observatory/memoria-seismic-observatory/data/bronze/ipma/2026/10/09/area_7_20261009T103445Z.json,,True,,,False,,,,2026-10-09 10:34:45.293661+00:00
MEM-A70851B18F155539,MEM-A70851B18F155539,IPMA,2026-09-29 10:39:47+00:00,35.75,-4.681,76.0,2.8,L,2.8,L,2.8,,,,,,Alboran,,,,,,high,0.92,preliminary,https://api.ipma.pt/open-data/observation/seismic/7.json,/home/runner/work/memoria-seismic-observatory/memoria-seismic-observatory/data/bronze/ipma/2026/10/09/area_7_20261009T103445Z.json,,True,,,False,,,,2026-10-09 10:34:45.293661+00:00
MEM-2158F815A28B5B6E,MEM-2158F815A28B5B6E,IPMA,2026-09-29 11:17:08+00:00,41.151,-9.017,12.0,2.0,L,2.0,L,2.0,,,,,,W  Matosinhos,,,,,,high,0.92,preliminary,https://api.ipma.pt/open-data/observation/seismic/7.json,/home/runner/work/memoria-seismic-observatory/memoria-seismic-observatory/data/bronze/ipma/2026/10/09/area_7_20261009T103445Z.json,,True,,,False,,,,2026-10-09 10:34:45.293661+00:00
MEM-6534F8546398964F,MEM-6534F8546398964F,IPMA,2026-09-29 20:23:21+00:00,37.156,-1.598,11.0,2.6,L,2.6,L,2.6,,,,,,SE Lorca (ESP),,,,,,high,0.92,preliminary,https://api.ipma.pt/open-data/observation/seismic/7.json,/home/runner/work/memoria-seismic-observatory/memoria-seismic-observatory/data/bronze/ipma/2026/10/09/area_7_20261009T103445Z.json,,True,,,False,,,,2026-10-09 10:34:45.293661+00:00
MEM-D5ADC478D56A1E28,MEM-D5ADC478D56A1E28,IPMA,2026-09-30 00:04:26+00:00,38.187,-0.848,20.0,2.8,L,2.8,L,2.8,,,,,,NE Murcia (ESP),,,,,,high,0.92,preliminary,https://api.ipma.pt/open-data/observation/seismic/7.json,/home/runner/work/memoria-seismic-observatory/memoria-seismic-observatory/data/bronze/ipma/2026/10/09/area_7_20261009T103445Z.json,,True,,,False,,,,2026-10-09 10:34:45.293661+00:00
MEM-B4B0219FD966DA58,MEM-B4B0219FD966DA58,IPMA,2026-09-30 02:33:29+00:00,43.539,-16.691,17.0,2.3,L,2.3,L,2.3,,,,,,Abissal Ibérica,,,,,,high,0.92,preliminary,https://api.ipma.pt/open-data/observation/seismic/7.json,/home/runner/work/memoria-seismic-observatory/memoria-seismic-observatory/data/bronze/ipma/2026/10/09/area_7_20261009T103445Z.json,,True,,,False,,,,2026-10-09 10:34:45.293661+00:00
MEM-B9A96E6B062A76CA,MEM-B9A96E6B062A76CA,IPMA,2026-09-30 04:31:41+00:00,38.484,-0.75,24.0,2.8,L,2.8,L,2.8,,,,,,NW Alicante (ESP),,,,,,high,0.92,preliminary,https://api.ipma.pt/open-data/observation/seismic/7.json,/home/runner/work/memoria-seismic-observatory/memoria-seismic-observatory/data/bronze/ipma/2026/10/09/area_7_20261009T103445Z.json,,True,,,False,,,,2026-10-09 10:34:45.293661+00:00
MEM-D0978A5C215C63DB,MEM-D0978A5C215C63DB,IPMA,2026-09-30 23:14:31+00:00,36.975,-4.781,21.0,2.1,L,2.1,L,2.1,,,,,,NW Malaga (ESP),,,,,,high,0.92,preliminary,https://api.ipma.pt/open-data/observation/seismic/7.json,/home/runner/work/memoria-seismic-observatory/memoria-seismic-observatory/data/bronze/ipma/2026/10/09/area_7_20261009T103445Z.json,,True,,,False,,,,2026-10-09 10:34:45.293661+00:00
MEM-A9EF261F21E62F8B,MEM-A9EF261F21E62F8B,IPMA,2026-10-02 01:24:33+00:00,36.387,-12.143,25.0,2.0,L,2.0,L,2.0,,,,,,Gorringe,,,,,,high,0.92,preliminary,https://api.ipma.pt/open-data/observation/seismic/7.json,/home/runner/work/memoria-seismic-observatory/memoria-seismic-observatory/data/bronze/ipma/2026/10/09/area_7_20261009T103445Z.json,,True,,,False,,,,2026-10-09 10:34:45.293661+00:00
MEM-1C4C4F7492D1837A,MEM-1C4C4F7492D1837A,IPMA,2026-10-02 03:51:26+00:00,39.562,-14.533,10.0,2.4,L,2.4,L,2.4,,,,,,Tore,,,,,,high,0.92,preliminary,https://api.ipma.pt/open-data/observation/seismic/7.json,/home/runner/work/memoria-seismic-observatory/memoria-seismic-observatory/data/bronze/ipma/2026/10/09/area_7_20261009T103445Z.json,,True,,,False,,,,2026-10-09 10:34:45.293661+00:00
MEM-94009AD5F627C741,MEM-94009AD5F627C741,IPMA,2026-10-03 13:53:23+00:00,36.95,-13.534,30.0,2.4,L,2.4,L,2.4,,,,,,Josephine,,,,,,high,0.92,preliminary,https://api.ipma.pt/open-data/observation/seismic/7.json,/home/runner/work/memoria-seismic-observatory/memoria-seismic-observatory/data/bronze/ipma/2026/10/09/area_7_20261009T103445Z.json,,True,,,False,,,,2026-10-09 10:34:45.293661+00:00
MEM-E22207973E5DDC26,MEM-E22207973E5DDC26,IPMA,2026-10-03 14:45:57+00:00,36.964,-13.715,26.0,2.1,L,2.1,L,2.1,,,,,,Josephine,,,,,,high,0.92,preliminary,https://api.ipma.pt/open-data/observation/seismic/7.json,/home/runner/work/memoria-seismic-observatory/memoria-seismic-observatory/data/bronze/ipma/2026/10/09/area_7_20261009T103445Z.json,,True,,,False,,,,2026-10-09 10:34:45.293661+00:00
MEM-48482EFBFC19A3B4,MEM-48482EFBFC19A3B4,IPMA,2026-10-03 17:04:16+00:00,37.143,-3.615,12.0,2.2,L,2.2,L,2.2,,,,,,NW Granada (ESP),,,,,,high,0.92,preliminary,https://api.ipma.pt/open-data/observation/seismic/7.json,/home/runner/work/memoria-seismic-observatory/memoria-seismic-observatory/data/bronze/ipma/2026/10/09/area_7_20261009T103445Z.json,,True,,,False,,,,2026-10-09 10:34:45.293661+00:00
MEM-20EAF11437774C63,MEM-20EAF11437774C63,IPMA,2026-10-03 17:05:35+00:00,37.107,-3.647,19.0,2.7,L,2.7,L,2.7,,,,,,SW Granada (ESP),,,,,,high,0.92,preliminary,https://api.ipma.pt/open-data/observation/seismic/7.json,/home/runner/work/memoria-seismic-observatory/memoria-seismic-observatory/data/bronze/ipma/2026/10/09/area_7_20261009T103445Z.json,,True,,,False,,,,2026-10-09 10:34:45.293661+00:00
MEM-6114665E3EE42372,MEM-6114665E3EE42372,IPMA,2026-10-03 17:36:28+00:00,40.695,1.665,18.0,2.6,L,2.6,L,2.6,,,,,,SE Tarragona (ESP),,,,,,high,0.92,preliminary,https://api.ipma.pt/open-data/observation/seismic/7.json,/home/runner/work/memoria-seismic-observatory/memoria-seismic-observatory/data/bronze/ipma/2026/10/09/area_7_20261009T103445Z.json,,True,,,False,,,,2026-10-09 10:34:45.293661+00:00
MEM-39F061F74545BED4,MEM-39F061F74545BED4,IPMA,2026-10-03 23:22:05+00:00,36.634,-12.643,32.0,2.1,L,2.1,L,2.1,,,,,,Gorringe,,,,,,high,0.92,preliminary,https://api.ipma.pt/open-data/observation/seismic/7.json,/home/runner/work/memoria-seismic-observatory/memoria-seismic-observatory/data/bronze/ipma/2026/10/09/area_7_20261009T103445Z.json,,True,,,False,,,,2026-10-09 10:34:45.293661+00:00
MEM-5137F425B4A8CCC8,MEM-5137F425B4A8CCC8,IPMA,2026-10-04 15:15:38+00:00,36.441,-11.189,32.0,2.0,L,2.0,L,2.0,,,,,,Gorringe,,,,,,high,0.92,preliminary,https://api.ipma.pt/open-data/observation/seismic/7.json,/home/runner/work/memoria-seismic-observatory/memoria-seismic-observatory/data/bronze/ipma/2026/10/09/area_7_20261009T103445Z.json,,True,,,False,,,,2026-10-09 10:34:45.293661+00:00
MEM-4B568D91EB882591,MEM-4B568D91EB882591,IPMA,2026-10-05 03:56:41+00:00,37.995,-5.749,11.0,2.7,L,2.7,L,2.7,,,,,,NE Sevilha (ESP),,,,,,high,0.92,preliminary,https://api.ipma.pt/open-data/observation/seismic/7.json,/home/runner/work/memoria-seismic-observatory/memoria-seismic-observatory/data/bronze/ipma/2026/10/09/area_7_20261009T103445Z.json,,True,,,False,,,,2026-10-09 10:34:45.293661+00:00
MEM-9A36851CF8A5E9A1,MEM-9A36851CF8A5E9A1,IPMA,2026-10-07 00:32:47+00:00,44.897,-18.873,38.0,2.6,L,2.6,L,2.6,,,,,,North Atlantic Ocean,,,,,,high,0.92,preliminary,https://api.ipma.pt/open-data/observation/seismic/7.json,/home/runner/work/memoria-seismic-observatory/memoria-seismic-observatory/data/bronze/ipma/2026/10/09/area_7_20261009T103445Z.json,,True,,,False,,,,2026-10-09 10:34:45.293661+00:00
MEM-B169D14F890BC92E,MEM-B169D14F890BC92E,IPMA,2026-10-07 20:24:06+00:00,37.167,-4.403,12.0,2.0,L,2.0,L,2.0,,,,,,N  Malaga (ESP),,,,,,high,0.92,preliminary,https://api.ipma.pt/open-data/observation/seismic/7.json,/home/runner/work/memoria-seismic-observatory/memoria-seismic-observatory/data/bronze/ipma/2026/10/09/area_7_20261009T103445Z.json,,True,,,False,,,,2026-10-09 10:34:45.293661+00:00
MEM-ADD0CE3596417D88,MEM-ADD0CE3596417D88,IPMA,2026-10-08 00:50:47+00:00,36.988,-13.744,25.0,2.2,L,2.2,L,2.2,,,,,,Josephine,,,,,,high,0.92,preliminary,https://api.ipma.pt/open-data/observation/seismic/7.json,/home/runner/work/memoria-seismic-observatory/memoria-seismic-observatory/data/bronze/ipma/2026/10/09/area_7_20261009T103445Z.json,,True,,,False,,,,2026-10-09 10:34:45.293661+00:00
MEM-E175932F0A73D28E,MEM-E175932F0A73D28E,IPMA,2026-10-08 05:43:43+00:00,35.231,-4.664,23.0,2.1,L,2.1,L,2.1,,,,,,W  Al Hoceima (MARR),,,,,,high,0.92,preliminary,https://api.ipma.pt/open-data/observation/seismic/7.json,/home/runner/work/memoria-seismic-observatory/memoria-seismic-observatory/data/bronze/ipma/2026/10/09/area_7_20261009T103445Z.json,,True,,,False,,,,2026-10-09 10:34:45.293661+00:00
MEM-BBB5D2241EF4A0B3,MEM-BBB5D2241EF4A0B3,IPMA,2026-10-08 06:03:44+00:00,35.781,-10.223,30.0,2.0,L,2.0,L,2.0,,,,,,Mar de Marrocos,,,,,,high,0.92,preliminary,https://api.ipma.pt/open-data/observation/seismic/7.json,/home/runner/work/memoria-seismic-observatory/memoria-seismic-observatory/data/bronze/ipma/2026/10/09/area_7_20261009T103445Z.json,,True,,,False,,,,2026-10-09 10:34:45.293661+00:00
MEM-A9C2114678D0CC09,MEM-A9C2114678D0CC09,IPMA,2026-10-09 03:03:21+00:00,36.51,-11.119,25.0,2.0,L,2.0,L,2.0,,,,,,Gorringe,,,,,,high,0.92,preliminary,https://api.ipma.pt/open-data/observation/seismic/7.json,/home/runner/work/memoria-seismic-observatory/memoria-seismic-observatory/data/bronze/ipma/2026/10/09/area_7_20261009T103445Z.json,,True,,,False,,,,2026-10-09 10:34:45.293661+00:00
MEM-02651F18661886FF,MEM-02651F18661886FF,IPMA,2026-10-09 04:39:16+00:00,34.904,-4.758,31.0,2.1,L,2.1,L,2.1,,,,,,SW Al Hoceima (MARR),,,,,,high,0.92,preliminary,https://api.ipma.pt/open-data/observation/seismic/7.json,/home/runner/work/memoria-seismic-observatory/memoria-seismic-observatory/data/bronze/ipma/2026/10/09/area_7_20261009T103445Z.json,,True,,,False,,,,2026-10-09 10:34:45.293661+00:00
MEM-3C3B2C21A47FE2C8,MEM-3C3B2C21A47FE2C8,IPMA,2026-09-10 14:06:59+00:00,42.932,-4.761,23.0,3.2,L,3.2,L,3.2,,,,,,NE Léon (ESP),,,,,,high,0.92,preliminary,https://api.ipma.pt/open-data/observation/seismic/7.json,/home/runner/work/memoria-seismic-observatory/memoria-seismic-observatory/data/bronze/ipma/2026/10/09/area_7_20261009T103445Z.json,,True,,,False,,,,2026-10-09 10:34:45.293661+00:00
MEM-EA1CD3BEFE21378A,MEM-EA1CD3BEFE21378A,IPMA,2026-09-25 09:04:36+00:00,38.006,-0.816,24.0,3.3,L,3.3,L,3.3,,,,,,E  Murcia (ESP),,,,,,high,0.92,preliminary,https://api.ipma.pt/open-data/observation/seismic/7.json,/home/runner/work/memoria-seismic-observatory/memoria-seismic-observatory/data/bronze/ipma/2026/10/09/area_7_20261009T103445Z.json,,True,,,False,,,,2026-10-09 10:34:45.293661+00:00
MEM-A20D5A79C84D27AC,MEM-A20D5A79C84D27AC,IPMA,2026-10-05 02:29:28+00:00,31.889,-16.233,42.0,3.0,L,3.0,L,3.0,,,,,,SE Desertas (Madeira),,,,,,high,0.92,preliminary,https://api.ipma.pt/open-data/observation/seismic/7.json,/home/runner/work/memoria-seismic-observatory/memoria-seismic-observatory/data/bronze/ipma/2026/10/09/area_7_20261009T103445Z.json,,True,,,False,,,,2026-10-09 10:34:45.293661+00:00
MEM-626316277EF14471,MEM-626316277EF14471,IPMA,2026-10-09 08:49:55+00:00,42.805,-1.773,0.0,3.4,L,3.4,L,3.4,,,,,,Pirenéus (ESP),,,,,,high,0.92,preliminary,https://api.ipma.pt/open-data/observation/seismic/7.json,/home/runner/work/memoria-seismic-observatory/memoria-seismic-observatory/data/bronze/ipma/2026/10/09/area_7_20261009T103445Z.json,,True,,,False,,,,2026-10-09 10:34:45.293661+00:00
MEM-297A4B6351969E0D,MEM-297A4B6351969E0D,IPMA,2026-09-09 14:34:08+00:00,38.461,-27.041,5.0,2.0,L,2.0,L,2.0,,,,,,SE Terceira (Castromar),,,,,,high,0.92,preliminary,https://api.ipma.pt/open-data/observation/seismic/3.json,/home/runner/work/memoria-seismic-observatory/memoria-seismic-observatory/data/bronze/ipma/2026/10/09/area_3_20261009T103446Z.json,,True,,,False,,,,2026-10-09 10:34:46.387490+00:00
MEM-D043390C7C1998AE,MEM-D043390C7C1998AE,IPMA,2026-09-09 19:51:03+00:00,38.434,-26.932,5.0,2.2,L,2.2,L,2.2,,,,,,SE Terceira (Castromar),,,,,,high,0.92,preliminary,https://api.ipma.pt/open-data/observation/seismic/3.json,/home/runner/work/memoria-seismic-observatory/memoria-seismic-observatory/data/bronze/ipma/2026/10/09/area_3_20261009T103446Z.json,,True,,,False,,,,2026-10-09 10:34:46.387490+00:00
MEM-3EC4C8163C22824F,MEM-3EC4C8163C22824F,IPMA,2026-09-09 19:52:08+00:00,38.461,-26.975,5.0,2.1,L,2.1,L,2.1,,,,,,SE Terceira (Castromar),,,,,,high,0.92,preliminary,https://api.ipma.pt/open-data/observation/seismic/3.json,/home/runner/work/memoria-seismic-observatory/memoria-seismic-observatory/data/bronze/ipma/2026/10/09/area_3_20261009T103446Z.json,,True,,,False,,,,2026-10-09 10:34:46.387490+00:00
MEM-4E9E8C56562299D8,MEM-4E9E8C56562299D8,IPMA,2026-09-11 23:54:30+00:00,37.379,-24.628,5.0,2.0,L,2.0,L,2.0,,,,,,Fossa da Povoação,,,,,,high,0.92,preliminary,https://api.ipma.pt/open-data/observation/seismic/3.json,/home/runner/work/memoria-seismic-observatory/memoria-seismic-observatory/data/bronze/ipma/2026/10/09/area_3_20261009T103446Z.json,,True,,,False,,,,2026-10-09 10:34:46.387490+00:00
MEM-17D4AF42138D1CB3,MEM-17D4AF42138D1CB3,IPMA,2026-09-12 00:04:27+00:00,37.377,-24.66,5.0,2.4,L,2.4,L,2.4,,,,,,Fossa da Povoação,,,,,,high,0.92,preliminary,https://api.ipma.pt/open-data/observation/seismic/3.json,/home/runner/work/memoria-seismic-observatory/memoria-seismic-observatory/data/bronze/ipma/2026/10/09/area_3_20261009T103446Z.json,,True,,,False,,,,2026-10-09 10:34:46.387490+00:00
MEM-E1812EDCFED4EAF8,MEM-E1812EDCFED4EAF8,IPMA,2026-09-12 04:38:12+00:00,38.98,-29.248,5.0,2.4,L,2.4,L,2.4,,,,,,W Faial,,,,,,high,0.92,preliminary,https://api.ipma.pt/open-data/observation/seismic/3.json,/home/runner/work/memoria-seismic-observatory/memoria-seismic-observatory/data/bronze/ipma/2026/10/09/area_3_20261009T103446Z.json,,True,,,False,,,,2026-10-09 10:34:46.387490+00:00
MEM-33E77EC7663374F8,MEM-33E77EC7663374F8,IPMA,2026-09-12 06:22:14+00:00,38.985,-29.216,5.0,2.5,L,2.5,L,2.5,,,,,,W Faial,,,,,,high,0.92,preliminary,https://api.ipma.pt/open-data/observation/seismic/3.json,/home/runner/work/memoria-seismic-observatory/memoria-seismic-observatory/data/bronze/ipma/2026/10/09/area_3_20261009T103446Z.json,,True,,,False,,,,2026-10-09 10:34:46.387490+00:00
MEM-01F4B3436FBF9F1F,MEM-01F4B3436FBF9F1F,IPMA,2026-09-12 06:36:46+00:00,38.98,-29.201,5.0,2.0,L,2.0,L,2.0,,,,,,W Faial,,,,,,high,0.92,preliminary,https://api.ipma.pt/open-data/observation/seismic/3.json,/home/runner/work/memoria-seismic-observatory/memoria-seismic-observatory/data/bronze/ipma/2026/10/09/area_3_20261009T103446Z.json,,True,,,False,,,,2026-10-09 10:34:46.387490+00:00
MEM-82DAFF2DBF5C22B1,MEM-82DAFF2DBF5C22B1,IPMA,2026-09-12 10:03:13+00:00,38.691,-27.491,1.0,2.4,L,2.4,L,2.4,,,,,,S Serreta (Terceira),,,,,,high,0.92,preliminary,https://api.ipma.pt/open-data/observation/seismic/3.json,/home/runner/work/memoria-seismic-observatory/memoria-seismic-observatory/data/bronze/ipma/2026/10/09/area_3_20261009T103446Z.json,,True,,,False,,,,2026-10-09 10:34:46.387490+00:00
MEM-58BBCACC6030B8BB,MEM-58BBCACC6030B8BB,IPMA,2026-09-12 14:23:06+00:00,39.018,-29.273,5.0,2.0,L,2.0,L,2.0,,,,,,W Faial,,,,,,high,0.92,preliminary,https://api.ipma.pt/open-data/observation/seismic/3.json,/home/runner/work/memoria-seismic-observatory/memoria-seismic-observatory/data/bronze/ipma/2026/10/09/area_3_20261009T103446Z.json,,True,,,False,,,,2026-10-09 10:34:46.387490+00:00
MEM-FF1DA66C995274C6,MEM-FF1DA66C995274C6,IPMA,2026-09-12 19:27:07+00:00,37.988,-26.617,5.0,2.3,L,2.3,L,2.3,,,,,,S Fossa de Hirondelle,,,,,,high,0.92,preliminary,https://api.ipma.pt/open-data/observation/seismic/3.json,/home/runner/work/memoria-seismic-observatory/memoria-seismic-observatory/data/bronze/ipma/2026/10/09/area_3_20261009T103446Z.json,,True,,,False,,,,2026-10-09 10:34:46.387490+00:00
MEM-BFF19E264EE09D9C,MEM-BFF19E264EE09D9C,IPMA,2026-09-13 01:25:01+00:00,37.034,-24.043,15.0,2.2,L,2.2,L,2.2,,,,,,Falha GLORIA,,,,,,high,0.92,preliminary,https://api.ipma.pt/open-data/observation/seismic/3.json,/home/runner/work/memoria-seismic-observatory/memoria-seismic-observatory/data/bronze/ipma/2026/10/09/area_3_20261009T103446Z.json,,True,,,False,,,,2026-10-09 10:34:46.387490+00:00
MEM-60D887B41FE74D93,MEM-60D887B41FE74D93,IPMA,2026-09-14 08:15:24+00:00,40.694,-29.065,10.0,2.8,L,2.8,L,2.8,,,,,,Crista Média Atlântico N,,,,,,high,0.92,preliminary,https://api.ipma.pt/open-data/observation/seismic/3.json,/home/runner/work/memoria-seismic-observatory/memoria-seismic-observatory/data/bronze/ipma/2026/10/09/area_3_20261009T103446Z.json,,True,,,False,,,,2026-10-09 10:34:46.387490+00:00
MEM-B6F927C75AF1B454,MEM-B6F927C75AF1B454,IPMA,2026-09-17 21:33:31+00:00,40.403,-29.45,10.0,2.6,L,2.6,L,2.6,,,,,,Crista Média Atlântico N,,,,,,high,0.92,preliminary,https://api.ipma.pt/open-data/observation/seismic/3.json,/home/runner/work/memoria-seismic-observatory/memoria-seismic-observatory/data/bronze/ipma/2026/10/09/area_3_20261009T103446Z.json,,True,,,False,,,,2026-10-09 10:34:46.387490+00:00
MEM-3B8398AD759585FA,MEM-3B8398AD759585FA,IPMA,2026-09-18 04:19:07+00:00,37.167,-24.765,5.0,2.3,L,2.3,L,2.3,,,,,,Ilhéus das Formigas,,,,,,high,0.92,preliminary,https://api.ipma.pt/open-data/observation/seismic/3.json,/home/runner/work/memoria-seismic-observatory/memoria-seismic-observatory/data/bronze/ipma/2026/10/09/area_3_20261009T103446Z.json,,True,,,False,,,,2026-10-09 10:34:46.387490+00:00
MEM-3675B449556F91A0,MEM-3675B449556F91A0,IPMA,2026-09-18 06:16:57+00:00,37.318,-24.607,5.0,2.8,L,2.8,L,2.8,,,,,,NE Ilhéus das Formigas,,,,,,high,0.92,preliminary,https://api.ipma.pt/open-data/observation/seismic/3.json,/home/runner/work/memoria-seismic-observatory/memoria-seismic-observatory/data/bronze/ipma/2026/10/09/area_3_20261009T103446Z.json,,True,,,False,,,,2026-10-09 10:34:46.387490+00:00
MEM-EF7189541D2CA459,MEM-EF7189541D2CA459,IPMA,2026-09-18 17:20:34+00:00,39.09,-28.553,5.0,2.2,L,2.2,L,2.2,,,,,,Fossa Oeste Graciosa,,,,,,high,0.92,preliminary,https://api.ipma.pt/open-data/observation/seismic/3.json,/home/runner/work/memoria-seismic-observatory/memoria-seismic-observatory/data/bronze/ipma/2026/10/09/area_3_20261009T103446Z.json,,True,,,False,,,,2026-10-09 10:34:46.387490+00:00
MEM-0DFBBAE563A95846,MEM-0DFBBAE563A95846,IPMA,2026-09-19 09:05:25+00:00,38.008,-26.338,1.0,2.1,L,2.1,L,2.1,,,,,,Fossa de Hirondelle,,,,,,high,0.92,preliminary,https://api.ipma.pt/open-data/observation/seismic/3.json,/home/runner/work/memoria-seismic-observatory/memoria-seismic-observatory/data/bronze/ipma/2026/10/09/area_3_20261009T103446Z.json,,True,,,False,,,,2026-10-09 10:34:46.387490+00:00
MEM-5199A6E7E104D754,MEM-5199A6E7E104D754,IPMA,2026-09-19 12:06:13+00:00,40.047,-29.697,15.0,2.5,L,2.5,L,2.5,,,,,,Crista Média Atlântico N,,,,,,high,0.92,preliminary,https://api.ipma.pt/open-data/observation/seismic/3.json,/home/runner/work/memoria-seismic-observatory/memoria-seismic-observatory/data/bronze/ipma/2026/10/09/area_3_20261009T103446Z.json,,True,,,False,,,,2026-10-09 10:34:46.387490+00:00
MEM-986961E1AAD69EE1,MEM-986961E1AAD69EE1,IPMA,2026-09-19 16:20:39+00:00,36.878,-24.326,15.0,2.3,L,2.3,L,2.3,,,,,,Falha GLORIA,,,,,,high,0.92,preliminary,https://api.ipma.pt/open-data/observation/seismic/3.json,/home/runner/work/memoria-seismic-observatory/memoria-seismic-observatory/data/bronze/ipma/2026/10/09/area_3_20261009T103446Z.json,,True,,,False,,,,2026-10-09 10:34:46.387490+00:00
MEM-3C4423CFA31E23AE,MEM-3C4423CFA31E23AE,IPMA,2026-09-20 06:55:49+00:00,37.237,-24.139,15.0,2.0,L,2.0,L,2.0,,,,,,E Ilhéus das Formigas,,,,,,high,0.92,preliminary,https://api.ipma.pt/open-data/observation/seismic/3.json,/home/runner/work/memoria-seismic-observatory/memoria-seismic-observatory/data/bronze/ipma/2026/10/09/area_3_20261009T103446Z.json,,True,,,False,,,,2026-10-09 10:34:46.387490+00:00
MEM-E42B532A58966268,MEM-E42B532A58966268,IPMA,2026-09-20 16:37:24+00:00,38.68,-30.125,10.0,2.7,L,2.7,L,2.7,,,,,,Crista Média Atlântico N,,,,,,high,0.92,preliminary,https://api.ipma.pt/open-data/observation/seismic/3.json,/home/runner/work/memoria-seismic-observatory/memoria-seismic-observatory/data/bronze/ipma/2026/10/09/area_3_20261009T103446Z.json,,True,,,False,,,,2026-10-09 10:34:46.387490+00:00
MEM-88A5FDB35E53DB96,MEM-88A5FDB35E53DB96,IPMA,2026-09-21 15:49:11+00:00,36.781,-24.582,11.0,2.1,L,2.1,L,2.1,,,,,,Falha GLORIA,,,,,,high,0.92,preliminary,https://api.ipma.pt/open-data/observation/seismic/3.json,/home/runner/work/memoria-seismic-observatory/memoria-seismic-observatory/data/bronze/ipma/2026/10/09/area_3_20261009T103446Z.json,,True,,,False,,,,2026-10-09 10:34:46.387490+00:00
MEM-4E80BA35A48937D9,MEM-4E80BA35A48937D9,IPMA,2026-09-21 17:37:36+00:00,39.423,-29.835,10.0,2.8,L,2.8,L,2.8,,,,,,Crista Média Atlântico N,,,,,,high,0.92,preliminary,https://api.ipma.pt/open-data/observation/seismic/3.json,/home/runner/work/memoria-seismic-observatory/memoria-seismic-observatory/data/bronze/ipma/2026/10/09/area_3_20261009T103446Z.json,,True,,,False,,,,2026-10-09 10:34:46.387490+00:00
MEM-EDB25733C4BA4EBB,MEM-EDB25733C4BA4EBB,IPMA,2026-09-21 20:20:59+00:00,37.445,-24.598,5.0,2.0,L,2.0,L,2.0,,,,,,Fossa da Povoação,,,,,,high,0.92,preliminary,https://api.ipma.pt/open-data/observation/seismic/3.json,/home/runner/work/memoria-seismic-observatory/memoria-seismic-observatory/data/bronze/ipma/2026/10/09/area_3_20261009T103446Z.json,,True,,,False,,,,2026-10-09 10:34:46.387490+00:00
MEM-403EF664205795D8,MEM-403EF664205795D8,IPMA,2026-09-23 14:39:09+00:00,38.697,-29.126,7.0,2.5,L,2.5,L,2.5,,,,,,W Faial,,,,,,high,0.92,preliminary,https://api.ipma.pt/open-data/observation/seismic/3.json,/home/runner/work/memoria-seismic-observatory/memoria-seismic-observatory/data/bronze/ipma/2026/10/09/area_3_20261009T103446Z.json,,True,,,False,,,,2026-10-09 10:34:46.387490+00:00
MEM-11748D936EB48EB0,MEM-11748D936EB48EB0,IPMA,2026-09-23 20:13:24+00:00,37.188,-24.185,15.0,2.4,L,2.4,L,2.4,,,,,,Falha GLORIA,,,,,,high,0.92,preliminary,https://api.ipma.pt/open-data/observation/seismic/3.json,/home/runner/work/memoria-seismic-observatory/memoria-seismic-observatory/data/bronze/ipma/2026/10/09/area_3_20261009T103446Z.json,,True,,,False,,,,2026-10-09 10:34:46.387490+00:00
MEM-B64DC3F0C23CCC4D,MEM-B64DC3F0C23CCC4D,IPMA,2026-09-23 20:17:19+00:00,37.2,-24.2,15.0,2.4,L,2.4,L,2.4,,,,,,Falha GLORIA,,,,,,high,0.92,preliminary,https://api.ipma.pt/open-data/observation/seismic/3.json,/home/runner/work/memoria-seismic-observatory/memoria-seismic-observatory/data/bronze/ipma/2026/10/09/area_3_20261009T103446Z.json,,True,,,False,,,,2026-10-09 10:34:46.387490+00:00
MEM-2B09FFD793BD4784,MEM-2B09FFD793BD4784,IPMA,2026-09-24 02:48:18+00:00,40.122,-29.628,15.0,2.6,L,2.6,L,2.6,,,,,,Crista Média Atlântico N,,,,,,high,0.92,preliminary,https://api.ipma.pt/open-data/observation/seismic/3.json,/home/runner/work/memoria-seismic-observatory/memoria-seismic-observatory/data/bronze/ipma/2026/10/09/area_3_20261009T103446Z.json,,True,,,False,,,,2026-10-09 10:34:46.387490+00:00
MEM-BA28EA187F658705,MEM-BA28EA187F658705,IPMA,2026-09-24 03:48:28+00:00,40.154,-29.556,15.0,2.8,L,2.8,L,2.8,,,,,,Crista Média Atlântico N,,,,,,high,0.92,preliminary,https://api.ipma.pt/open-data/observation/seismic/3.json,/home/runner/work/memoria-seismic-observatory/memoria-seismic-observatory/data/bronze/ipma/2026/10/09/area_3_20261009T103446Z.json,,True,,,False,,,,2026-10-09 10:34:46.387490+00:00
MEM-D3B96A41D50A5A76,MEM-D3B96A41D50A5A76,IPMA,2026-09-25 02:27:22+00:00,38.702,-28.708,26.0,2.2,L,2.2,L,2.2,,,,,,N Salão (Faial),,,,,,high,0.92,preliminary,https://api.ipma.pt/open-data/observation/seismic/3.json,/home/runner/work/memoria-seismic-observatory/memoria-seismic-observatory/data/bronze/ipma/2026/10/09/area_3_20261009T103446Z.json,,True,,,False,,,,2026-10-09 10:34:46.387490+00:00
MEM-002D906CB6FB9920,MEM-002D906CB6FB9920,IPMA,2026-09-25 06:45:05+00:00,38.561,-28.926,23.0,2.3,L,2.3,L,2.3,,,,,,W Faial,,,,,,high,0.92,preliminary,https://api.ipma.pt/open-data/observation/seismic/3.json,/home/runner/work/memoria-seismic-observatory/memoria-seismic-observatory/data/bronze/ipma/2026/10/09/area_3_20261009T103446Z.json,,True,,,False,,,,2026-10-09 10:34:46.387490+00:00
MEM-C2E48F1AC517539F,MEM-C2E48F1AC517539F,IPMA,2026-09-25 08:21:10+00:00,38.412,-26.801,5.0,2.3,L,2.3,L,2.3,,,,,,N Banco D. João de Castro,,,,,,high,0.92,preliminary,https://api.ipma.pt/open-data/observation/seismic/3.json,/home/runner/work/memoria-seismic-observatory/memoria-seismic-observatory/data/bronze/ipma/2026/10/09/area_3_20261009T103446Z.json,,True,,,False,,,,2026-10-09 10:34:46.387490+00:00
MEM-641C3D102A9F3EF9,MEM-641C3D102A9F3EF9,IPMA,2026-09-25 23:25:04+00:00,36.885,-24.238,15.0,2.0,L,2.0,L,2.0,,,,,,Falha GLORIA,,,,,,high,0.92,preliminary,https://api.ipma.pt/open-data/observation/seismic/3.json,/home/runner/work/memoria-seismic-observatory/memoria-seismic-observatory/data/bronze/ipma/2026/10/09/area_3_20261009T103446Z.json,,True,,,False,,,,2026-10-09 10:34:46.387490+00:00
MEM-A7AE3470516292C4,MEM-A7AE3470516292C4,IPMA,2026-09-25 23:25:37+00:00,36.908,-24.231,15.0,2.1,L,2.1,L,2.1,,,,,,Falha GLORIA,,,,,,high,0.92,preliminary,https://api.ipma.pt/open-data/observation/seismic/3.json,/home/runner/work/memoria-seismic-observatory/memoria-seismic-observatory/data/bronze/ipma/2026/10/09/area_3_20261009T103446Z.json,,True,,,False,,,,2026-10-09 10:34:46.387490+00:00
MEM-76FEB8EA74CF67EB,MEM-76FEB8EA74CF67EB,IPMA,2026-09-27 18:14:37+00:00,38.79,-29.08,5.0,2.0,L,2.0,L,2.0,,,,,,W Faial,,,,,,high,0.92,preliminary,https://api.ipma.pt/open-data/observation/seismic/3.json,/home/runner/work/memoria-seismic-observatory/memoria-seismic-observatory/data/bronze/ipma/2026/10/09/area_3_20261009T103446Z.json,,True,,,False,,,,2026-10-09 10:34:46.387490+00:00
MEM-839E25C0652F7C93,MEM-839E25C0652F7C93,IPMA,2026-09-28 05:53:32+00:00,38.711,-26.902,5.0,2.5,L,2.5,L,2.5,,,,,,E Terceira,,,,,,high,0.92,preliminary,https://api.ipma.pt/open-data/observation/seismic/3.json,/home/runner/work/memoria-seismic-observatory/memoria-seismic-observatory/data/bronze/ipma/2026/10/09/area_3_20261009T103446Z.json,,True,,,False,,,,2026-10-09 10:34:46.387490+00:00
MEM-4349977DF1B11E0A,MEM-4349977DF1B11E0A,IPMA,2026-09-28 07:19:34+00:00,37.521,-25.28,7.0,2.1,L,2.1,L,2.1,,,,,,S S. Miguel,,,,,,high,0.92,preliminary,https://api.ipma.pt/open-data/observation/seismic/3.json,/home/runner/work/memoria-seismic-observatory/memoria-seismic-observatory/data/bronze/ipma/2026/10/09/area_3_20261009T103446Z.json,,True,,,False,,,,2026-10-09 10:34:46.387490+00:00
MEM-7FA33FA2E3D22542,MEM-7FA33FA2E3D22542,IPMA,2026-10-01 22:37:22+00:00,37.964,-26.25,8.0,2.7,L,2.7,L,2.7,,,,,,Fossa de Hirondelle,,,,,,high,0.92,preliminary,https://api.ipma.pt/open-data/observation/seismic/3.json,/home/runner/work/memoria-seismic-observatory/memoria-seismic-observatory/data/bronze/ipma/2026/10/09/area_3_20261009T103446Z.json,,True,,,False,,,,2026-10-09 10:34:46.387490+00:00
MEM-7ED4BB46FB01A275,MEM-7ED4BB46FB01A275,IPMA,2026-10-02 23:32:45+00:00,38.505,-29.74,0.0,2.0,L,2.0,L,2.0,,,,,,Crista Média Atlântico N,,,,,,high,0.92,preliminary,https://api.ipma.pt/open-data/observation/seismic/3.json,/home/runner/work/memoria-seismic-observatory/memoria-seismic-observatory/data/bronze/ipma/2026/10/09/area_3_20261009T103446Z.json,,True,,,False,,,,2026-10-09 10:34:46.387490+00:00
MEM-B2FBD811844909CB,MEM-B2FBD811844909CB,IPMA,2026-10-03 14:18:22+00:00,37.403,-24.697,3.0,2.3,L,2.3,L,2.3,,,,,,Fossa da Povoação,,,,,,high,0.92,preliminary,https://api.ipma.pt/open-data/observation/seismic/3.json,/home/runner/work/memoria-seismic-observatory/memoria-seismic-observatory/data/bronze/ipma/2026/10/09/area_3_20261009T103446Z.json,,True,,,False,,,,2026-10-09 10:34:46.387490+00:00
MEM-357C2DBEB8A10C79,MEM-357C2DBEB8A10C79,IPMA,2026-10-04 18:17:05+00:00,38.73,-29.32,5.0,2.0,L,2.0,L,2.0,,,,,,W Faial,,,,,,high,0.92,preliminary,https://api.ipma.pt/open-data/observation/seismic/3.json,/home/runner/work/memoria-seismic-observatory/memoria-seismic-observatory/data/bronze/ipma/2026/10/09/area_3_20261009T103446Z.json,,True,,,False,,,,2026-10-09 10:34:46.387490+00:00
MEM-5636E1B6F0D11832,MEM-5636E1B6F0D11832,IPMA,2026-10-04 22:37:10+00:00,36.84,-24.252,13.0,2.5,L,2.5,L,2.5,,,,,,Falha GLORIA,,,,,,high,0.92,preliminary,https://api.ipma.pt/open-data/observation/seismic/3.json,/home/runner/work/memoria-seismic-observatory/memoria-seismic-observatory/data/bronze/ipma/2026/10/09/area_3_20261009T103446Z.json,,True,,,False,,,,2026-10-09 10:34:46.387490+00:00
MEM-EEA86226BDC37A49,MEM-EEA86226BDC37A49,IPMA,2026-10-04 22:55:36+00:00,37.408,-24.535,17.0,2.3,L,2.3,L,2.3,,,,,,NE Ilhéus das Formigas,,,,,,high,0.92,preliminary,https://api.ipma.pt/open-data/observation/seismic/3.json,/home/runner/work/memoria-seismic-observatory/memoria-seismic-observatory/data/bronze/ipma/2026/10/09/area_3_20261009T103446Z.json,,True,,,False,,,,2026-10-09 10:34:46.387490+00:00
MEM-371BC1B182BE9951,MEM-371BC1B182BE9951,IPMA,2026-10-05 00:11:08+00:00,37.454,-24.538,13.0,2.2,L,2.2,L,2.2,,,,,,Fossa da Povoação,,,,,,high,0.92,preliminary,https://api.ipma.pt/open-data/observation/seismic/3.json,/home/runner/work/memoria-seismic-observatory/memoria-seismic-observatory/data/bronze/ipma/2026/10/09/area_3_20261009T103446Z.json,,True,,,False,,,,2026-10-09 10:34:46.387490+00:00
MEM-2C7ECC638CEA711D,MEM-2C7ECC638CEA711D,IPMA,2026-10-05 22:29:26+00:00,39.183,-28.606,10.0,2.2,L,2.2,L,2.2,,,,,,Fossa Oeste Graciosa,,,,,,high,0.92,preliminary,https://api.ipma.pt/open-data/observation/seismic/3.json,/home/runner/work/memoria-seismic-observatory/memoria-seismic-observatory/data/bronze/ipma/2026/10/09/area_3_20261009T103446Z.json,,True,,,False,,,,2026-10-09 10:34:46.387490+00:00
MEM-0E29A6146208B6F9,MEM-0E29A6146208B6F9,IPMA,2026-10-06 20:04:02+00:00,37.168,-24.637,5.0,2.9,L,2.9,L,2.9,,,,,,Ilhéus das Formigas,,,,,,high,0.92,preliminary,https://api.ipma.pt/open-data/observation/seismic/3.json,/home/runner/work/memoria-seismic-observatory/memoria-seismic-observatory/data/bronze/ipma/2026/10/09/area_3_20261009T103446Z.json,,True,,,False,,,,2026-10-09 10:34:46.387490+00:00
MEM-A1B0600315308DD3,MEM-A1B0600315308DD3,IPMA,2026-10-09 04:40:12+00:00,37.473,-25.033,5.0,2.4,L,2.4,L,2.4,,,,,,Banco Grande Norte,,,,,,high,0.92,preliminary,https://api.ipma.pt/open-data/observation/seismic/3.json,/home/runner/work/memoria-seismic-observatory/memoria-seismic-observatory/data/bronze/ipma/2026/10/09/area_3_20261009T103446Z.json,,True,,,False,,,,2026-10-09 10:34:46.387490+00:00
MEM-74CC74389A2A437E,MEM-74CC74389A2A437E,IPMA,2026-09-11 20:47:04+00:00,38.971,-29.321,10.0,3.3,L,3.3,L,3.3,,,,,,W Faial,,,,,,high,0.92,preliminary,https://api.ipma.pt/open-data/observation/seismic/3.json,/home/runner/work/memoria-seismic-observatory/memoria-seismic-observatory/data/bronze/ipma/2026/10/09/area_3_20261009T103446Z.json,,True,,,False,,,,2026-10-09 10:34:46.387490+00:00
MEM-B6DB9C6EE2F46C23,MEM-B6DB9C6EE2F46C23,IPMA,2026-09-12 03:37:00+00:00,37.444,-24.534,10.0,3.2,L,3.2,L,3.2,,,,,,NE Ilhéus das Formigas,,,,,,high,0.92,preliminary,https://api.ipma.pt/open-data/observation/seismic/3.json,/home/runner/work/memoria-seismic-observatory/memoria-seismic-observatory/data/bronze/ipma/2026/10/09/area_3_20261009T103446Z.json,,True,,,False,,,,2026-10-09 10:34:46.387490+00:00
MEM-F5A243EAE5ABFF28,MEM-F5A243EAE5ABFF28,IPMA,2026-09-12 04:31:21+00:00,38.954,-29.255,5.0,3.0,L,3.0,L,3.0,,,,,,W Faial,,,,,,high,0.92,preliminary,https://api.ipma.pt/open-data/observation/seismic/3.json,/home/runner/work/memoria-seismic-observatory/memoria-seismic-observatory/data/bronze/ipma/2026/10/09/area_3_20261009T103446Z.json,,True,,,False,,,,2026-10-09 10:34:46.387490+00:00
MEM-B4761481095E02C4,MEM-B4761481095E02C4,IPMA,2026-09-26 21:38:05+00:00,37.492,-24.654,5.0,3.0,L,3.0,L,3.0,,,,,,Fossa da Povoação,,,,,,high,0.92,preliminary,https://api.ipma.pt/open-data/observation/seismic/3.json,/home/runner/work/memoria-seismic-observatory/memoria-seismic-observatory/data/bronze/ipma/2026/10/09/area_3_20261009T103446Z.json,,True,,,False,,,,2026-10-09 10:34:46.387490+00:00
MEM-2CF57FC97FA5727F,MEM-2CF57FC97FA5727F,IPMA,2026-10-03 10:54:10+00:00,37.074,-24.838,6.0,3.6,L,3.6,L,3.6,,,,,,N Sta. Maria,,,,,,high,0.92,preliminary,https://api.ipma.pt/open-data/observation/seismic/3.json,/home/runner/work/memoria-seismic-observatory/memoria-seismic-observatory/data/bronze/ipma/2026/10/09/area_3_20261009T103446Z.json,,True,,,False,,,,2026-10-09 10:34:46.387490+00:00
